Id,Predicted
49I3SOKLI2CMNGP4,1911.0
727IRIR59A3P88LK,1806.0
LN95SD15SRPCEE8F,458.0
TB11I7F0PN033D4T,2414.0
32PSGCK5PATHMR07,258.0
KCGC12BK5PGHP4SO,252.0
SE7SP9PNCS9H4RKL,4.0
AI23CE9L10CFLK8N,2467.0
MC4LR1DKGGEL4C4C,214.0
FEM7P31GRFL5E329,3364.0
LEDTR17G0F05QNKK,1102.0
OK8H6QICAPHP7797,1352.0
5JB8EP6MFBOHDKTN,778.0
EPF30Q5AAPONR3R9,620.0
EMJLEN304HMM5K4J,51.0
AG9O7BTSE742NCB3,77.0
I0NPS190JO9CF869,2404.0
LDM8GL4O8474HDKB,705.0
7H44IQ6G2ACIC4LD,121.0
M4GKAHO2QGLSOH84,32.0
R5IQF8R2QMKTIH67,100.0
GTREJSI43M3EKO1L,2416.0
8AE6D5579O3G46B9,196.0
2EPSDJTDBSRC14BJ,1076.0
61ORCAKB56PN773C,2730.0
N5F8A570IM7JM8BP,495.0
3APD0Q64QKLRI729,666.0
CJACBTFIFGC5H99J,727.0
EI2KQ9EN4G1FAAJE,3074.0
M4EKTPPJ3I0KGI3O,993.0
INBBJACC1AE1HTNQ,2018.0
4D9H4JO50R43O723,2159.0
QS9G5KJL4ASSPQSQ,720.0
JAEG665AOMT7JSAT,2755.0
43B9S26F06HMRKEL,3158.0
7PKA60OKDJO7HBKD,726.0
64PMFJT865CMEM17,1095.0
0DRTFRTEK3RS76EM,1553.0
1B04PDI92CFNDCDP,2336.0
LQIGEBP83S7ISG88,2987.0
KHNG9HDL10RQD3HS,580.0
GGCJ4C2KP8GC7HA8,1538.0
P5PSF21O8TCERK4K,2122.0
930DG83R8P3M7KF6,770.0
TIMHM4HTH87KOS06,1092.0
IMNKHNLIA82MCDEK,179.0
E69KP6D2EJT9EHIK,1704.0
C43Q1L67GEBM09SQ,1008.0
825F0GJG7SLIQK1J,600.0
DLRBO0TLOSO4C96C,4223.0
3QM33RDP21AO6K2L,467.0
IBPOCKOTGBP7B97O,124.0
GAEALFSAEMTF5L2P,155.0
PBKP6NA27EH0R5CF,1461.0
MRSLRDQSFBGB607T,2355.0
C05SSKFD3IQLICI9,69.0
S0DJACEKJA74NERC,2910.0
1HO2G4SM3D3CP3GO,2345.0
Q48FH6G2RQ5ODA74,129.0
FQNTHOF88HGCICBL,1343.0
ENHMQIMCEJDK8E99,461.0
33F8GFBN5MS70TPF,164.0
2SCA455JFIEI2LOH,2078.0
7EH3K8GGCER895TN,326.0
9A9BB7CD6R1H04GC,1698.0
41HJ2GBLKQO94937,2415.0
TCOGG9O1Q51NE5P9,478.0
K9THEQF9QCOETNHO,2434.0
G9H4DQC7H4OS396S,2709.0
MOHH854I0PI8QHGF,2990.0
T9QMPT2T2Q9BP3HD,141.0
QC6JT108H6K41QRM,2259.0
JHT4NG9GNGEQ7CND,590.0
365NQQQD4QT5CBP9,1261.0
D6A98MDL5DJMLGQH,105.0
K1K6H0RTKDI5O1DL,3956.0
RA7FN41CNRITBAL9,230.0
9GCHS8O0BIT3GP2B,2312.0
H0S71P5FM67BR04B,1349.0
T0LQDNK1564Q7PHM,3114.0
T0ETACLNJ7F61E90,2348.0
CMJLKGK0IR2Q43A4,1535.0
5J2BNMN46654PP4F,1403.0
EATI6B8S4MEO3R3R,1364.0
PGK68GITHTSMDECB,1177.0
L2NG3T13EM3FPB6L,2243.0
DCGNCC29APJACRSP,574.0
KI3LJPJFAQHH4EDH,2371.0
56NRNAOA3DOBA7EG,660.0
TAO36NAKCR72NJBF,489.0
7MF17ODN3A5C01NK,1688.0
OHKAQNIBIQ9M62SQ,786.0
347M3O8CAKHLTN3L,2476.0
05MORCA71FBJ9PQF,1133.0
KJN4MR2HKM25IJEB,2199.0
P5C1RTL8912ON0LH,2204.0
KQK1PMJ6ETA7S9GT,629.0
5QMS5TLL0SMLM4MF,605.0
TJ4QRE6RBKEGHNLG,1663.0
95C19TDNFH61Q2NS,928.0
AS90TO12ED8RJMO5,1332.0
G5QF1BL4MBJN67JM,1140.0
63OCNE6J4408TNT7,2446.0
I23M97LENI66OA20,544.0
G38TE3S3ME4692SD,2375.0
QJAG4S061M83QKPN,2000.0
0MMEA9KEC0PMSO1S,203.0
S9R0HSEPKP8LQ91O,1291.0
68LD1S0005NA6P3E,1360.0
R5G15228PLAEMFGG,1238.0
4JBGAOSB7SPCK2SG,735.0
SEFJNL7EHOTA661N,309.0
G1IIO39P6SQIGQTR,544.0
ISTA61N4N6CTFG66,216.0
J9N3ID5K8C0JGO2O,875.0
TMPMMQI9HE6JC342,1213.0
2ICSM0745C80QMG3,2276.0
OJI6TG43RL546IMB,491.0
PLHO032NDHB2L531,181.0
GQ1T8MA5P3NK38TH,935.0
QBBGMKLRC8ASCLAF,1914.0
O6KKQLFFEJQ8DGPJ,131.0
I2LRLD8069GBH9SB,1085.0
RRM80B9BPH8NC722,2168.0
5N8DSOART14L161L,258.0
ITFHEM51SR32DQ3I,122.0
JD3RKBCENFQ0MSEP,1386.0
QFSL4REPTH6AE564,1638.0
RA88ODKKMNQF5LKJ,28.0
9777N6EFTB991ICM,2516.0
NF4TSQ4SIM4LJBLQ,1222.0
SJ4SQFPSIRAKA1QJ,862.0
3SEHNBEB2SI5CA4G,914.0
EBT7KR2A8LB4J3JI,1115.0
4EB20OHH7MP5JH7A,192.0
FMDRJPENN4B9HHDK,3291.0
88J7DCNI26MI5C5P,2913.0
E5L9GA2TF4FEFSM3,9.0
83NC9DSQC7EO8GRM,1329.0
4TFQN8DMM5AGP62J,835.0
T3QECJR2BGKDPJGF,5370.0
MMNDF64O95TTMF71,675.0
6Q4PKM7H1H2B0HFH,870.0
GI24NE5M8CCQQDIM,216.0
G0IH2ESD6866G6F4,394.0
H5RDASJI74EHJL6D,21.0
50TLBIAD9T10OJ1Q,1194.0
51GGDTSE2O887MKB,15.0
7J0P5JGA1HQ8QF4S,1399.0
O7J5EQFRD7BTN2NF,1109.0
E97CQ8RNK4Q8NMTG,1068.0
6F2RNNTLR2O5KI2A,641.0
CQB5T10AM53RM1DH,2818.0
EF3QI1Q2BINFI6B2,267.0
EHE7GFPB24OHL8G5,587.0
HAL4E55FQJ7JEMBT,258.0
LCT7NRBEH130B5P7,54.0
E28C8BPNKJPQ922Q,198.0
KD0NG4J4TJODQ0F7,319.0
S56S32JT1D9H3ILF,2758.0
QOS42780FHAQ6OOI,1417.0
MQ4SHLME6CIBQIRI,1117.0
NN1MQG6DNK4G14D7,1341.0
HK52LGH6FILRQ6L8,64.0
5N12T4PN7FBJ7T86,748.0
P89HPE8CCSIH8RRP,146.0
8IP74KRJFFJI00CG,1759.0
94BSKMT2BJJLDTKL,2009.0
LB4LL2ATES1MLQOP,2834.0
2H3MB37M4R5K1D3K,457.0
3IATJMBTGMNEIDII,724.0
0EG14I7C0A6IKNAO,574.0
P8M06452R091A6TL,2723.0
7T0QGGJO4FGCR5AO,865.0
ACP9ACDGAMGTDN5F,512.0
TK7QGMB5GAEC1S2B,1770.0
4M50KAGE6E31D3EN,516.0
AP3RGBIE090QL5OH,1390.0
LFDNOOGNKD1O0L9Q,664.0
SOJDSLJKAJ7NE5JM,2939.0
E4150421O62470K3,2514.0
RDK9H56QLDCK34P9,1013.0
6MO2RDKME9MLAFJD,2993.0
RQH34FT4O2NCLM7P,1553.0
99LIEKM4N3JO33A2,648.0
P3LNR5A9KG047TF2,4997.0
1QSDATERNG22OBGL,1381.0
GG0E85C0D1IT1KPH,1344.0
TBR88FTN6ID9AJCH,1174.0
0JPC51M9GC6EMD4B,1383.0
RKGO0LCPECT8303L,2814.0
RB8MS4TGGG8LM23M,481.0
31AONLKFPQ8RHJ2P,1236.0
IFA60AQQBB2LGK29,743.0
BGLN7K7BEJR9JB1R,1244.0
T6ON5MI4OBN4K1HA,1156.0
AE04SN5QI47FKG78,1175.0
FBNOKRI4BF61SPN1,1391.0
6A4JM9ETD6J48LKL,2532.0
BTH8FEJ9EE4I4E74,1981.0
7C798784PCJ4BTG5,490.0
1KKO6B5BQNB8B01B,408.0
LHPK26G5O8SE12F4,2243.0
KI032M8G9P75R9DI,549.0
O63DDITPLL0RGT5F,49.0
OMJELLTQPAI5N2SE,914.0
QKJIS0PBR2J5EMG0,2680.0
QLSG334JFTK0NSTE,25.0
10B5PE4PGI906RS4,1220.0
PS3OP5EOPTKNGS8K,756.0
D8MR1JN66RN8OEIK,2083.0
8EH3QACP58QMFHK1,1631.0
64147N7ICR6IKDII,344.0
HSOHLFSKCKMBS0A9,313.0
5IPN36DB32P5QNAP,457.0
O0G8M9ESCHL40ACH,139.0
SMTTB17NFMC59FKO,944.0
NF16LP03L5AI0L0F,1099.0
I00NEA79PFD2L6QS,175.0
KI0GTMQP2MPQ1279,218.0
K9I7BABMI2RO5KLJ,405.0
QE58A39OG4AG1510,68.0
3CH1JOR4KT7NBRL3,2239.0
73IPGI3RSCS754F4,2328.0
D0CDQM0KRGK5E45H,678.0
4QNSN9KBNB91P2NK,316.0
22CQB2EK12JKABCD,1027.0
SS201B661L1MC7E3,2913.0
B3PPD550GNFPGGIO,298.0
HCA9IJS2T3PQ1KSH,13.0
B7CHDR1RH01CKH3R,768.0
TG4QFGAENHJEGK5L,733.0
AABEPN5QBICNP23C,160.0
KRN6NC2M2T347G9L,536.0
9PTNIDFT2R3ITKCE,2727.0
CKI69B17ACLII63Q,663.0
34DEPQHCJAC01I61,436.0
C45Q1TTRBDA39FH5,749.0
8B7F9I5EJI4SC847,144.0
JE3P27D7BSH6A0J5,525.0
3FE510I98M79ITT5,374.0
3N0I7QE5JGII6G38,179.0
3BT0RJKNK7R5MLDI,242.0
490LPKT84KFCJHHQ,4238.0
6B8CP1OFFLJ61K61,1532.0
PG8HJDH5ALNAFCRB,502.0
LQHLP8K6IH6R1GSG,472.0
A8NTS5JFPK22ATER,1146.0
99DIKCD7S9IK75S0,2173.0
PP2LSC2D7EP1SRMK,74.0
EHAFDRO7IS6L63BF,138.0
B8OLPJPN6IKFSPII,733.0
MP3AJ9I83H8JT5F4,2588.0
9K1BBFDA60JILKCJ,1430.0
6B9GSC1JITA32JI9,2636.0
J52KJ9MNS0JLGPKH,372.0
3EQHEJ61DJEGO48R,13.0
REM5SOTGAQDR5Q2T,627.0
83GSI1QD2DBSL1HS,2001.0
56BJ5OPR5R76MCRC,1351.0
ATFPLSH1QL3I9GJG,2132.0
DO9138GKFMA0AB72,1469.0
Q0ERHF31GO2AMC6O,1057.0
E3OCM97DCR7P2NIB,1696.0
EFGPLSBL8O11A612,543.0
D7PHAIT33K9J3N30,1701.0
M8M9NLDMG3JADD9N,870.0
2I98G72F30EHF955,4245.0
192R3LF678TKOL3H,2305.0
731KHKAE3B1MCCCN,1845.0
BEIAANTKG3P0F09P,1893.0
8OBRKKABCAQA7ARI,3861.0
B768L1GSERMSGT7F,324.0
MJ5MCTIHI3HF576J,384.0
AT58PMND4M4PKN5A,800.0
EASNTSPBA3GGH98N,2122.0
HN3GNJ7TFLGAPLBO,5340.0
HPANSA83152FBPAE,19.0
P3GD6IASD3QGTO7P,2974.0
LIAND8MEILADOC9G,2068.0
OSACHGE51N68CM3C,542.0
OML9A6TRD1QGDFTI,1555.0
5QDTG19A0G8MEGLN,526.0
LHE97OSD2SMNASM7,415.0
ATT5MSQ688ANJL4Q,899.0
CDQFMBPPJ679D9A4,381.0
GBQLSHE0346P148L,181.0
63BMEHFTH8D4ASSI,146.0
BS352JGGHMF69R7O,12.0
BFBPT41R4Q7OSD8H,921.0
BCGS8JK065MQOT14,758.0
RHKN6FL2DAD1H2QN,387.0
4HSEF5JP975SD96H,1885.0
P6DI5093QM1MB7QT,957.0
DS0560TQ1Q7HHR35,2595.0
A5G2RF127D9DFCFL,4156.0
OQ46C4ATC943DR7J,3.0
8KKL5ST1KQ2D11RP,728.0
53MROBAIAD9MMMJA,2834.0
FQA1ANHTG28GPOC5,656.0
2EOHA28CTHMPABQ5,1558.0
Q1R5JQQDBFI95AJ8,222.0
TM1EGHJJD6NDLJBE,45.0
OEIIMQG4E5MTJ5EQ,4382.0
1HG3PQ2G26PK47TR,2266.0
CJ4BLE7ONIHRL99R,656.0
J729HGTRG9BPCFAO,231.0
LO4722CRITH7H04H,315.0
F9FQERP29MLPB0OQ,322.0
SA8H620S06AMSPDN,1715.0
NRSH90N48JA29NED,365.0
A977KF703ADIS6AR,210.0
L4CFM7NPB655E7M6,1306.0
BTDMHHR1FG9QOFIP,521.0
4CN39SSK1KE9M8T7,1045.0
BNC18B0L3FHCKSLO,1421.0
B7SB1NM9Q91BKF4Q,1693.0
I3EITMGJI7PLQ7TG,136.0
5B4CG9QOM9C25J2B,1128.0
1JP6N14GC1TI0G0A,1353.0
HJLQ1EHFJIIIHMCJ,2942.0
BQPJKNJ7T3998NEE,162.0
RB1T5EBBSEKR83KO,2323.0
K4LQGJMC1151CHOC,90.0
SNTEG3GPFGDJA945,1574.0
MCR16TCCG9H75TCI,709.0
LEDKJ0GISIJ8H97J,2001.0
EJTQKGNMN5DJF7EL,1111.0
RAAA3OJGF64R2JI9,3053.0
3CPBJC359MDCQ0BM,1472.0
9DJ09IAOJ1QFOO63,297.0
MG3PEBPCDAR0AES9,1214.0
L4IG91Q41DM7G94B,1763.0
T5T29JK0OGJN1I5A,2102.0
0HML5I3HP6CRRFRQ,918.0
G4ATJRD1MAMSBTMA,25.0
1I7LG5NIAEO8SNBI,1898.0
EQ9HT7D6C60F1PRI,711.0
49EI89BR02EOLED0,1451.0
6NT4IOJI9L6JK1TG,681.0
65K1D4A4FHQQSM9T,4513.0
RJ6HKDO5A6R7ARSD,2402.0
57BGEQBE40D3HR3I,1224.0
Q3DP2S15CAD6PIJD,3420.0
EQNPK2J9FN85BPMS,3321.0
H4C6D17OH5BTO5S2,982.0
1SD07JN9BKQ27640,730.0
FNOJI0F2KPQS8532,21.0
BHKC084AF862D34G,1081.0
JE8NJFKROFO1TOFR,196.0
1LC71I495MCMK2PA,586.0
TG71JHM3BCS3BBGD,238.0
QB7DG7NM1TER4AMO,1463.0
24PBJJGDPTL796GS,2402.0
R8088OEFOHDATAL6,676.0
2KRAMA1RO7K0NOF9,881.0
498NNHEQ3MMBFG47,2.0
166GCGLJR19GGS2F,266.0
O3LG1DSNH83S309O,2440.0
CMM19RTA4FRMLGNL,1191.0
PB7OL4SHP1FC61LI,714.0
7PK2M7Q4ASC6AOQ7,7617.0
O6A4QESHAKS5QKSI,1376.0
12529ECPORPHJ96N,721.0
KDO5F9CTHS886ILH,5306.0
8ORBO5LPM73THQ56,73.0
I98BO9L4KN6BJ463,232.0
2C4BQ1LJ1FQR19LG,2163.0
T43CNJN9BS6CGD8N,1031.0
86N07CKE8L6PAHRE,1010.0
SPFFQJ3J3I58624L,1402.0
3J2Q8C0C1141S5Q6,66.0
Q7ML9CG1LBIE6N6C,2402.0
KSE6HGQS68GPAS90,1122.0
CAONDL0S3PFTPL56,1411.0
JO9KECKO5M4QACO0,220.0
C5DPRBF6D96QED32,1556.0
2LJGQ7LQC4DHPQN0,2502.0
S07OQNNB650NJCS0,1568.0
EC755IOR7KJRF8JD,58.0
H4FHA8LT5PASKI4S,222.0
1JR37HIC6L6FIT6S,621.0
LG8LA3CGR6T6RRM5,3880.0
18F3NF798BOI0N4T,1374.0
1R7QFGS8IEG7IFCC,935.0
HH742FBO6SD644QM,1438.0
22NJ35P198NDN6FL,835.0
3TAKALPRKOTCOT5I,4541.0
H5DKT6A3PMLJ5KDE,1091.0
5JT0702CI1SPP4K2,3719.0
1J5Q4OBC48AAIRSA,2275.0
7C46OJB579118OOE,1816.0
DPA7NM9DQ8QJS0DF,629.0
LK4AC0SK9G52TE06,763.0
2S8LF2IL0GLTOQ2T,553.0
N0KPM80G1572J1EG,697.0
TO76T957N6PGB061,1262.0
SHGG5O657ARCBBS0,2133.0
JP1KHDHKERA21I41,2741.0
S8A0ETBLKTF1B8G3,685.0
8I02N0A89NFPOSF4,2069.0
Q15SO84EBBC382L5,913.0
C9O0JNMDJNOF5L6T,695.0
130F4STRB4KD7OMD,292.0
BKJ5O2I2AC26G96B,48.0
1H0BT5MTIADALJD9,159.0
7I3I33F9SL9AE2H7,879.0
IOL5C8HHQG387LDS,2942.0
R6E19JSGR9J63JQG,420.0
SB72NJT3JIT760SG,535.0
TKABGHJA2QOMJF89,2739.0
I2TQD33I46T1F56G,2475.0
8FOQ0KE29AE1N0S1,751.0
5AFLR2FCOA0N82MG,1610.0
EN0PPTST6KAQT91R,852.0
88HIM46E5I360MRQ,18.0
2OJLA27NIHK0CCNT,881.0
O2T8L01O658KP4QH,667.0
431E4R5Q8KB7IAKI,1446.0
S53PKG821JT9QC11,1840.0
D3JNE3F49PPMCRJP,0.0
24LF00A10HO8H72I,2239.0
QB7O1IH2CPASF5D3,3627.0
M5HJ560J5K356ATO,1026.0
TNG4650J7NTIA15E,458.0
P424P405QQ899L70,2657.0
M96RTATAFM82LF30,1491.0
J4AL4KC1LI2DJ34I,432.0
27SIMRCCH04HIDIK,1039.0
S0OKSSPCGQPBLKJF,1373.0
K6EF1BM6N7BQ27NR,1624.0
A2QOT07GN2NFNI1T,3121.0
D75OMB6LSE08OTSB,225.0
1LPI8MC08PDFH2M3,163.0
NHPQLLFNC9A8MJ10,730.0
A6LBS56P5901KSMC,718.0
ON1S7JD8G0BHBQED,314.0
3TCITHN3CSQELI42,90.0
MGTLGFLSERBS0NQ7,2453.0
0602O26DGA3NSNN6,95.0
57685ILSITH07FMI,937.0
OKEPFDCLJG1R0IBS,2386.0
38J79AEA61MB7NPE,1694.0
JLTCLJPSR9KML42J,256.0
OGTS8JCE30N3Q46J,1892.0
8TRL0M8AG7KT4QPH,2161.0
FRJ48M9LFEK0PHTJ,222.0
KBLACG5KMDP7SJGA,1681.0
IA28OI1RSCJQDC6D,512.0
HP9NQT1KR3TJQ1S2,1788.0
663KTJSIMAF9SHHF,54.0
M4J6O00ON01B6MGF,2611.0
LCA6MA16QO34F0AG,605.0
43MG61POI5A3AR9D,2621.0
IBTK2JABSMOLN8N2,579.0
08I8JIJL7P6ES25S,613.0
O39P1SFLLBRQ93Q4,255.0
S3DB84CH0HA6AHCH,548.0
O2JLBL0ILRQDL762,267.0
20SBIIPORIGR385J,2779.0
HET3DCHKN49QMFIR,157.0
72MQ41AKRGELER5S,171.0
IRFJFALDI0FGK4LD,381.0
OOR2ETIFFSFBIT0N,2053.0
FO1MB0I9H5ASRAE3,82.0
HHTCHCSONIHOP3P5,611.0
JRFM8QCJKIGMJ2F2,302.0
CTE01KNFN73N1D0E,860.0
1IL0ETLP4JMSR9Q9,643.0
H2CAKHD7TFG34E9T,814.0
1T9IKQ5R2A8QI2AK,52.0
IK3SRTF8G21G2LGQ,1415.0
QLT46KC3KKTNMKM6,923.0
A7IMEPIE5B7RGDA5,2798.0
AG32112ONNO3CJOL,123.0
3M02OINEE5SQ04HO,850.0
JAR0PTOB07MLEC9I,2007.0
GB9TR6TMLJ51FI5R,382.0
1ON0EPBPKKRRDPI0,562.0
5204D1OO1R53HOPP,616.0
0IHRICRDGSKSM4QG,726.0
68GJ1METQ6TKFCFQ,1783.0
3PO6FPK6RK398RFQ,2709.0
DFS0631F4OM6CBB5,442.0
II8BMCG2J92CMF0B,1461.0
KALNFK73D7FFFRF3,113.0
78K1IR3T56TK386G,1380.0
P8H31N224579QPRC,1387.0
BNHRSDHI077CE3HQ,1763.0
IA5TG2T2ELD3BCJ6,2061.0
QJL2T7JJ3CGE5JAL,146.0
D578I389PJR5BD5I,280.0
LA5R6MQC4I8NK8PQ,27.0
BBMMCDOS07QHLH0H,2645.0
Q418H23MHO975STT,1867.0
B2S504BTEB3460D6,3100.0
FB79NJH2NMAIS3R5,541.0
1D55T187PNG2EEBG,2570.0
02EC3C7I6DB6PS85,1273.0
9PBL7EOMEM6KN9TJ,242.0
SC0IRO1FJ2HBOCJL,1879.0
2488SJHFQ61988AP,1724.0
TM9P8E165PNEL220,5723.0
GG5E614PMHK6I8DJ,1470.0
MHOF7K7BL70RHBG0,1383.0
HB91H5PLR7O5P8MG,2131.0
MJTEEHJ019EDRAB7,88.0
A434G769FOA3R4CH,4692.0
6J46CKKKTQS45JAM,3094.0
AR4GCBCAKFQ10AMH,750.0
MPP1LELTRGIQ7645,313.0
JL0BD0SS0OE2C3OE,2364.0
4PG5B35NTKK1D3I6,221.0
58P07ABE5MFNMRCR,878.0
IDD43MI0BAD24495,905.0
Q62CGEGDOPT62DI3,1021.0
01D40L6DEB1N33TT,6.0
O0FPSISSSIRO4PKP,789.0
ECH9RH256KP94NGR,371.0
ETRDJ2891284D0H7,1236.0
JLJ30EST4IEFEET9,3717.0
ABJFO3BFKPJFDM7L,520.0
LTGJNE55S540ATA1,2848.0
M0RRC3FJDC84EIE9,1040.0
S6G7I44AFCEH7CN0,1540.0
KCPC776EGNH15TCE,2861.0
3C4I35754O5PAOH6,882.0
ENTDICAQHDCNMTE0,949.0
70A5KGP00LTJ4N8M,511.0
EC8N03614ML28TM8,67.0
QD9EPLIDGFAEM0PH,3896.0
S4N2CF6RICHT2SIO,2452.0
TT7SIEG1HRQMME1Q,1335.0
KR4ST3OJFA4TK2N5,1200.0
MQDCQCROM89BO5Q3,2121.0
OPAECC8LM3FE7P44,478.0
MBC5R0I70KECDA5D,527.0
33L0K859FA139HT7,2862.0
E3JPKBKEF7IE88Q6,2844.0
STRA23PBOHHI5AA4,3000.0
B5PF45OS486RR55D,2487.0
91RITMEL4SEFMHBD,3772.0
T0IOPDJH9F9FD90L,633.0
A38L0LM6OGJ0S43J,3587.0
PS0T4BS13ST79ASQ,2140.0
M8OETO4C100AF64M,401.0
KBQ8972HK54H2C39,4691.0
NJQ1A0N80JRQS12M,79.0
O99I57N7A0P01RP0,3488.0
6ONMN7FPG5AA0DOB,830.0
L49H0DTC2L33GM4O,1713.0
TP8JMP7QK3AQ14RI,698.0
EO3M85QIOKGRE3BD,1371.0
6H9JGM0BQDR69E17,131.0
GCKT7JDAT0KGGD1K,3027.0
2TOHLSNEEJSTDDJ1,3887.0
L4KA2T8171E0Q1RG,108.0
FO8KO7AQ80597717,2133.0
I6D546QDFGTPBG5S,373.0
08639J6SR5C74917,1321.0
GL8K5F85DQSNHONJ,1807.0
9JIQH4C5JK5G6DEJ,777.0
E21NF787710CLISN,3074.0
357T16BQ5ITM06Q2,2772.0
HG9P9C1AFSTE2IDR,1898.0
TJFBKGED5GOAACST,1957.0
L0KR2E648S8EQO3T,119.0
1JL5OJ7I17KT2784,1671.0
SJ68NKCHHI0O0K24,3532.0
9TKD1AKLHB8AJ6PA,71.0
0GBL03M9RH2PLBM7,1227.0
I59T91E3GB267T27,3298.0
Q99I357TKJ8B0O18,4144.0
SN5S8GF7ONNOH8AG,666.0
5D0TPHTDEHA55JSM,2.0
233LN1QLBP80CKIA,2004.0
F1T255DC808A7AAS,757.0
8FBME0DH442FJCO9,1520.0
6420TD7TG07EJ11R,3775.0
PCRPCITJNK7SJH3O,313.0
SLHLLNBC1Q0RN3H8,4249.0
R7FFF8N2N9G9PC58,2417.0
80N4R193NEH2F05S,3097.0
9TI8MOHPAT858A2H,148.0
R5Q5GSGKJRHDQDAM,1879.0
5CSOC6ISNHF8FCT2,914.0
MGLD1STSJ6RR32OP,3848.0
8F50Q1ED3EMC5LMS,1603.0
0CEK97NTSG939JN3,85.0
GP27RSG1I4CNJTLB,2330.0
LS2AFADB3RH85SF9,1850.0
DOJHG61TO3QI5CL0,1077.0
M6AIR5I2SK6PAG9L,236.0
ET06K5GDE72LAJRM,584.0
TLBT5A7DE07ODS8D,482.0
HDM8TF4DQOL7PN8M,582.0
SG8K23HFSG03L5HD,3765.0
F7DL8TDDAQE8L2SH,2641.0
Q9A6PGC1I0ECR8ES,3805.0
O4LLD0121S3F0LS1,1126.0
7EASAOPM5J2JP1QJ,265.0
53ETL4BKC9SGP85H,663.0
A1E7N53448T3S3PQ,1694.0
FT3F5HJK01IF96JC,864.0
10DC59G5T6SJGTLB,3760.0
OQTLQM8J1S8REJ2E,894.0
7D28I9FO0C8TF6P7,1181.0
G1ITJ4NE88J86MFT,577.0
21B8OT7JH5NRNDQ7,1792.0
F1R3BDNFD1FR7F22,10.0
7G212SKQ9RIR70NI,2345.0
HG5IFMFTM5M23DSS,1414.0
0GE96G3RA0EN9F29,279.0
55AFNOSTM7829AK9,249.0
MJJIM55N7MLH1F7P,2498.0
T4E3O2I30C6JCFAA,625.0
G7D4EPRLB34QG45D,889.0
C700O0BE69MCIN5H,2114.0
87K32F2FCPIE9934,270.0
TTB2JBGCE21F9OGH,1751.0
GHABPAL80ML288O0,1028.0
TG7H4DDIKKR05IB2,2135.0
GOEP7G2CNGL23AJR,205.0
2GIQ077RC5D5J0NE,262.0
9A75B7P90BL5TB5Q,1429.0
4PL363D5FHE15SO3,14.0
5PEK8FB0IHR1M62T,267.0
EGHDB6NFR6GKI7PC,2269.0
B2NPTMS6FGK134PP,80.0
JK81KHO5RM5BLQ6K,77.0
T9HTH65SIM9NFCE9,5925.0
K6AHPS2GJ7ELI4KJ,192.0
01250ADN9H8O9CLH,906.0
OSELQT44TPTTT316,2795.0
CJBL9GH7GEOLG0PO,290.0
9RCK616QB6LAECA8,810.0
0FCF1ISL1DAF5AHO,2947.0
CLQ0QC8375CCFJGT,1129.0
IBC69QO8ARDEIRA3,1476.0
R31EK6OCRBLC3J0R,228.0
J5MD0S0JN8GFCSSP,2234.0
AES1KP7K31K6BBB9,2688.0
R2BPPAR3IN3AB6QE,1733.0
6RGRNDKNPIJEAID6,1775.0
339NN4QBF2NCOH8K,1027.0
HS4PN1GAOPBSFQLC,1063.0
OJ147QIN3C3BS0GH,634.0
O7NPI8RT02MR8O8L,1744.0
KIIM48O5F8RFIS7B,478.0
6I3H0EOI6O5B60LR,516.0
N6185NE3RJM003BH,2132.0
SO8JK3PR00AQE65G,777.0
92P67ICTKBTFHOOJ,1344.0
Q8K2ESDQR2LFJ88T,1476.0
4F3AMLP4KMEHB1FA,2280.0
4QIH6FRD3204R5HE,578.0
JT60NTPN163A1DNF,1080.0
4NFEEIM7NM583IGH,4007.0
M982EIN3FR77QK9B,1202.0
66MLNIOMDL64AR3L,149.0
808E8IINMIDP8L28,1406.0
B8E2FR8RKHH99IGJ,1925.0
L0BS4119IE6SLRR9,769.0
TG3DT0A4HH47MCJH,613.0
DBJND51HBFKTDKRE,1484.0
LQ3DT8DNACK6QD6L,59.0
44E28K12K80BCKGH,176.0
BD2O3JH2KIDHGQ9H,164.0
BACJ22B5F9JN24NJ,967.0
DEGB5BCNB5M5M27O,563.0
D5PTMML4ID34KMP8,568.0
31T6FESFAGNLNHN2,1557.0
9671O6OD4M82RKQ7,2192.0
NM357OPNOROHGARC,1093.0
6GG93D8S6854M999,3252.0
J4MB0BEGL92J1R7N,1898.0
ON1N05K8AT756DO7,570.0
7KN8Q95HKG6D3B2F,469.0
P000JQ593EGP6OIM,401.0
OOA55POM9JTKJTOH,176.0
RG9NG9PHOJHQLRLD,194.0
1AFECPN4DIGKHASE,1452.0
MIDGQ11FBK0S8SQA,1183.0
B81FEI1BJPQ2ID31,2892.0
9H0M53IOSJ49R744,124.0
9GD6RI2MSLFMCIA9,1666.0
AOMPFPSM3LGNEL8A,1150.0
L4PNFKRP9PPI3S4T,233.0
INN0S489239CF6AN,299.0
H4ESNMEHH4IMJ57Q,3849.0
RFB6519SE8NJ0JRT,688.0
KEAG4CLDPD62MEQL,1826.0
PO3LC0Q4T7S7LN9K,637.0
EHMNI9EFFS7OCFOO,1929.0
M0I357JAA15F417E,2630.0
QM2B41O327BNM8MS,467.0
RSKDRBC6SG8OB94Q,231.0
5C0IJ7JHTCJ5KFFP,3187.0
NI1NEQO8GFDP8ICP,192.0
7D2OSDJ3HMCCE7G2,5032.0
O5SLQ6B521R0FLPG,800.0
20GK0SBKOJ9NHFCF,724.0
221L5TE4EKHF6G7R,5830.0
GPHC0N1LGOMOC6BA,1705.0
04HAJ9TA1QIA4DAL,197.0
TDDM9IN219AD731C,281.0
D3POAP7L89SO1ADL,2085.0
GP67RG7DMH05MB9T,457.0
A3IDFQ2NI9RFGS6K,1493.0
AP5RH206L9D694JI,941.0
22N5S12CLO8T1PP0,358.0
HP34RRPLFE3A2M8M,3307.0
KGTO8BJ194H9OMK4,924.0
82BL3R6OQEPALE8R,68.0
QFBH398G8F8FA4R9,155.0
5BOTNK5GKL2LL72R,2167.0
KS6SJODDA6QQPM4L,717.0
MALIAQ24HJ8GRNDG,548.0
459ALMPB9I2AORD5,472.0
A8GKK05RC3P6E8TS,1347.0
NREGKJP622LHLMCM,1755.0
MDFQ80NKJAB06PS5,211.0
LJDLT6J6H44SP79B,3843.0
J0OQTFDGOBCCAI1F,906.0
61PLMNAJB3K3KPGT,2865.0
LCSED2LO6JB8SCD9,4991.0
MHKMJOTC6G8O7A9J,959.0
8PL09L8KFKA4TTPQ,1230.0
61MDAAM2RI2JEQ2B,2147.0
B2GCL5184DD34KN0,1655.0
RA3LOJSI10J5I733,170.0
FITN6JPLJ1QP06CL,3605.0
PKSI9273T7F093LC,1231.0
FRNPP6IMNLHGE5R1,1876.0
OC1AMQAGLC60P9BL,2892.0
B13E1MCACPN6STFQ,1237.0
O5654SIS7RNFM78S,2425.0
CI8AD1E8KI84DSCM,1173.0
LPF8KACK62CMB5SG,2051.0
C0HMB321PS17I17A,678.0
O58ACT6DPI0TJAPP,523.0
PN3H5CPCC4CBLRD2,446.0
FPM5PMCLN8I2Q803,219.0
JFKMI72GPGM7AHRH,879.0
CAOS1OR0H2RA3IGT,1951.0
231QJ6E8BDR24QEK,66.0
T13ODJ44B7GH4B9D,1010.0
9N5J6QJDJMOSNJI1,1703.0
158I99N7R3MB5AGM,1002.0
KM2I4DMP450AF2AL,92.0
O63468ILLC5785IQ,856.0
9SCSM7ACPR88LRSM,1413.0
EL3T70K04F0CAQD6,3971.0
MQCR0J2HFHDERQ72,288.0
24T7F8CK83O15M1O,3527.0
ESKOBDP2MG1P0TM7,342.0
5CS476L066I6LRM5,1352.0
CQ5N1GHO5HAF9AC1,102.0
9F7OM8TN2IETGE2N,348.0
52DH4ERFTD8CQD7F,2317.0
86R56B0NDSH0E5C5,42.0
698JR9RIE1CAG5BC,413.0
R4FSDQI1GK52OGSQ,2143.0
4NG8L0MESAO5QQ14,1015.0
DPKIOPB4BI1HNOD6,285.0
M5LQORCRTE4LEGMT,148.0
5P7AJIRR46KGGLJ4,181.0
KHO285ME63KE4I2Q,698.0
F7MCM6GSSD5PAG3R,1370.0
CH5943LKCSKJP9I5,2063.0
M76CEIA5FS0FC92M,152.0
5MQO5K3QK8NR3HB1,492.0
EPB5FK3LHPR4O25M,354.0
6GJM6SJDA1E1NF5M,1483.0
DTO6FGKBK4FN1LLO,52.0
HEEF207RFNQ03RRN,543.0
T2KGGB0J5P99T7EH,398.0
HMRQGB5M81AAS1AL,214.0
7BE0QE11GOPFHRPG,131.0
FO4AQBFFIR1LH7HL,1117.0
NFS9OQNGENC03LJ4,1425.0
2BMD9TPNCFG8PKFB,1520.0
G7B932NKLKTFL186,1269.0
L77QH8KI3AMHKTI4,1184.0
8NS0LQ7MRPP6O858,251.0
O9M4ED32KMRHHTTP,1468.0
ORPIBCDC8FNSR08E,1596.0
S45L4MRGKDG9G5P6,2592.0
0F1JDM2PC6ILL3MA,325.0
KSMPHQJSL26JLBBP,19.0
4I8REHPINS8MF5ED,194.0
LDNBT1FCT55FHOHG,226.0
73TS6P3ARN81C9NG,7.0
TCJM0DK3SBKAOC0Q,1573.0
5P3K7T7F1SO0NQBB,897.0
ETAL4PSR5H0Q40AQ,1202.0
NG5BHLH2NA107TEO,1863.0
9T7EI2TMSP7I8KSQ,3604.0
6209DCJT0T14DMJI,60.0
TTDBTG97RIJ43009,915.0
TLGBM1S84QM7BC3S,498.0
APP6M5MKR29AQ9ND,2217.0
SB402MT6F90J8R2H,74.0
3TLTA7ITAREDB3HI,908.0
C0R848OF124QD6H4,133.0
5Q6PMED0I808HOL6,584.0
2BO8RJF1HI82RDAR,2527.0
90SE0ECGRF8Q7CL1,2192.0
CPH0GG0AMF8P1T7E,2253.0
3D9KJQPQTDKNOAGB,266.0
2PELJ93S6NJ086AR,2699.0
1LOPKCHQJCDG4MC8,2360.0
OI2RGS0OKDPKMETJ,1514.0
RIRD1Q1DL6TAQTMK,64.0
OJ04FRJAS6TM46EJ,119.0
JLT66Q04E9ATQOHO,1772.0
9Q63M16RHTHRSSNT,1336.0
R2IBDBMF2SLL6C6P,1304.0
I3POOROE1273SRS0,401.0
MBO761GE4R8GQMST,651.0
N0HTJGCHRIO2ICCA,3246.0
PCH3K6H41B0C4T1L,83.0
FOMICIMM524LG3TB,240.0
E3ATLN5O1IL61QK2,490.0
CAT2BJMIE8SOMC1R,932.0
0HOPM80RP9ST99GQ,280.0
0KNIJ61BA5753THH,304.0
H9NC52A3EK134F4E,3568.0
8HID6INGR9TSTELK,92.0
FELPPPHPLH69J9P1,1296.0
DD6OLRT419OL255R,2205.0
OA37B695ND1NAE2R,341.0
CEQQI8S0GOHC6KC3,2454.0
OB1ECBRIE0GT15J4,2200.0
C1DFPO91Q6QTJEEO,18.0
0SEH7F4LQT0ED6J8,1771.0
MN3KS00927GER5M8,1312.0
E1E3L9R72SMO0RJ4,3006.0
R16SJD26NQSDOPIR,2734.0
H6F25DJJLDDJKBI5,2638.0
943IKRQP2IDOL3B7,2306.0
3401Q0PIBANDEI4C,3291.0
BP57JT3IIQ5239KO,6.0
HR8NRSCT2DQCNL5S,101.0
F94355A8J5S793CO,51.0
45CNE0JKNLN5RC3I,636.0
E64K8P3AH70AIHM0,70.0
46BD0D8QFQTF6G98,886.0
0SGM5D0PHC9TEC99,39.0
BMB6AS3AMOIERDTN,253.0
AGK03KMPMHIANT31,1717.0
H6HENHB78RCFGM38,317.0
ACA9GDQNF5AFD2Q0,1576.0
O54SL55IPTPAGBFJ,815.0
AC5T7NDFFCOKQK4G,748.0
84REM9SLGTGJ5KOF,1699.0
C2K48I36Q4FT1MS9,632.0
0I5EOJ697D87PAAL,1740.0
S88IL1TA22JH5T7A,1177.0
KINKCGJ3M23DD9R2,1194.0
5AENT1MEQ6ETTISN,1041.0
7CEFCE8IF9IMDIQH,3730.0
063MPT719IBI94MM,1170.0
KES22F37AO0OIF5R,384.0
N45EIG52J2A92OI4,861.0
2BMDLKP17M0S61QJ,1154.0
421B6DJS6G1RRB10,429.0
KMAETS8N348TOBAN,2059.0
2RLGAJTGH73MFDAP,259.0
D6TMI44R9LD00ST4,1487.0
3QQCLTFNG9SF51CS,1978.0
42TE04C83J21A8H3,1376.0
8MORFQR8L7SK9NOG,2924.0
S1LLBF9OT6T0RJKK,2204.0
58MQFECQ0RBI5ENK,3233.0
APFJADH4G33HIDA1,4107.0
MB8LECQ57LTPR0QL,1925.0
K2K3E6O973O730BL,5236.0
5KKNJIJLHMDB4QCK,653.0
4JBECFHQBIL4EKTB,678.0
OA16FCG3ASR39KEM,262.0
KIHL4D7O7DL51PKF,1422.0
SG2HQ9J5PFBPHIO0,458.0
1TTQOFPM3JENLQTJ,1953.0
LEK5T0NP6TGNLHAN,2116.0
FFE0HFO16EGT5TI3,417.0
N3AJKR3MDEFN0M2M,1462.0
KJ7BTF2F56DQ1T8D,359.0
AR8BIJ893PKA95GO,2241.0
IA51LF9BD7TPMJ3B,160.0
T4SKE38QKKR5BF82,518.0
P259I124LDGI2HR5,636.0
DQA1H73HOBJTBA2H,114.0
DT0JEJHQ1FD6H5J6,1995.0
CR4T2TBJJ1SI39GI,576.0
2TL4DREO6N0H82KT,219.0
3EJMO389BPTR64ON,877.0
EH1BP0D3TE1A1098,1226.0
0AFJO243L3L5FM9B,1186.0
HM8QBTE0O0QECAS9,2868.0
DPA99NJNGSDLG07C,159.0
19B5J5CNTEORL3H3,2720.0
6C9MJBEOBTORFIRI,2025.0
85H0L3K9FQA26QG7,1028.0
SHKQD0IOOBN4CGFN,2965.0
3GP2O9CC7AJIEAPC,1255.0
441KF2J688N5GQ6N,19.0
MBS7QQAE510AF4T0,38.0
9DED9MDT8GOFP6KO,100.0
G2NCO6PST2AE77OH,2502.0
TJ60N0P0FDCDEA4E,762.0
4P7GTP528EMNTQEI,76.0
N18GTDD6429BFKHD,263.0
7G067H3FTHGIDA8T,25.0
I0EIT15EBCAPKE19,1538.0
QOMQ60I7IBKCHF5E,1850.0
01HG044MB40QIQ3T,69.0
P832LCT9CCE3NDB9,168.0
P4KIAR3IT2I1TQ3M,77.0
BOE27LANL31G186Q,1289.0
S7AQP51R6K0T0BA5,3166.0
0M6I2N6F9I5GI6JG,3419.0
MF4TLH1CAO035BKL,340.0
AQK3OTA3NCTHQ3S5,1642.0
3B29150QR9SKI7CE,742.0
QE661G39IL85H1JK,97.0
G27HIQ4Q0R9H3J31,44.0
85QPJJK5BR6H5ONT,762.0
M7FMFL3REH0I6DE7,182.0
S9G92R9O0B8MJAE1,3155.0
93IJJ8K92RM2OHLQ,3789.0
8I6FITL5J7S636J3,3084.0
3MSSD9RSGEQ0OD69,1517.0
8LS5SNSKO1F6BM6T,2826.0
LMF8MCF19916F9FG,952.0
4PH5K5LR41TLMP00,769.0
PENPJNDN640A03CF,1874.0
0LOIQQOD78MSIODD,2701.0
198D3BBT852FRTK9,271.0
I2N40QCQSLI7AKHP,4340.0
NEI6HGAGQTFTFIB5,465.0
FP5QDNJ3C9EG6S7I,335.0
N3S6NM082ESSL11N,294.0
M92GSEMRO3PNNT3N,1735.0
K8STBKCGB20AMTLL,915.0
5P110TR46MIE8871,2354.0
MBBGT7RMKDNDQERF,1121.0
3MQKM6I09CPHKICD,3266.0
HNQTT5NECLDDB68P,310.0
9HEEP9748KSCIFG0,604.0
BKG9800JFLQJJTRP,3726.0
QHS1JMJEK7O3S5RQ,1901.0
NF91BK3STHGNCJKL,564.0
LRCNH624O01QJM2C,830.0
7MKLBQTF8RPKL7E2,804.0
39AEFH7N1CKHDQOJ,989.0
CQF4CMLL7BOBKLA7,466.0
761FOKPNG6AJ2R2C,184.0
B9NLMS5993SOOD77,1240.0
DP8NS0DD1KDLNPCF,3115.0
B0CM1HQFE65973RC,1028.0
8J2TII36KI8SPSO9,129.0
6QN1E4EMN1P6TMDR,1361.0
68703M8444I4CNBJ,3533.0
G057I7TH5JK2NEHB,1940.0
QQD0R497D5FN3O2Q,461.0
JM4N1JCRQI5PL8A7,161.0
LTGQ67BBOQNP7A6J,266.0
KIF10JSBDR8GMRT7,60.0
2B2Q5F95OBN5JC7C,3751.0
DQGRTDBEQS8ES6TG,477.0
NQIBB0BCOGIO71QI,190.0
BSNKEN816BJKPTOO,442.0
T4785KGAMPQEH6KI,1222.0
CKGC9B6TEGEC0MHL,952.0
Q33C9ETJ11M8JOMH,0.0
66BTARSH0FESNG6I,102.0
7J0C0CPJF4ML8ASA,1383.0
BNKPQSDNCERTS7KS,744.0
CEFS31F1S4GHSR0C,255.0
B2TD955R83K1TKC6,440.0
QTT38HLT9I4CLSB2,66.0
CRDCI6198QQ8DCAI,966.0
S8GF9GEA8SM5214B,156.0
11SRGJCE1CQ3TC10,896.0
JKSFNT02H80R4L5C,289.0
H47AH7T26D0RN7A2,3034.0
RJHOSDC70GTL9M5H,1595.0
CDG01QQ7K784COS6,237.0
HRS1782KH4NL9LCA,202.0
GQBMSSEODDEMQ1K4,3817.0
PLCPB8MOD6M1K1DN,654.0
14Q6S22ENGDIHA1L,1807.0
B6CSL3J5SIN5GKF3,146.0
TAFF925GA5T7PEGP,1107.0
L9MSMHM49OB30995,1953.0
PQ4HNT5T42EHJC9K,137.0
CDM47GLB90K1DGC6,513.0
LH55OBIOT2N7EGHR,2372.0
4G783E2PPTN73A0B,32.0
Q0F6PILP6Q29JCM0,616.0
48H3ESD87ON37N38,318.0
BBHCT56KJGD4S0LR,3090.0
9PMJ4CBE5J7CNERN,2209.0
BIQ0QR4ETMO0BEGC,815.0
HJ4DQQAL27COT9GK,1106.0
OOF02CF3E6BO0OIR,3772.0
EE6919NSTCCF4OGA,556.0
S6BHDADLL1LFO6JR,539.0
B6SALP6I514DMKF3,1562.0
9MTNMR26B26ST162,47.0
S7SNQE03P9B0MTHK,346.0
ARD1K2MIHS1KTM2D,1676.0
BN7T57PE3QEM40CQ,1446.0
4DLQG70OPO3A443T,5305.0
JC6J7TCPNARCA3DN,914.0
PNC6TIPMQRBS6FQB,2720.0
982LHA1I5MBFSDGE,118.0
NH237TR6MHBHNOCR,3086.0
4RCM7AM60J227M16,231.0
CJCEK01KSDIJ047M,427.0
7G20SEL9I19M91DT,2224.0
K6FS43A9D3LDAO8E,1016.0
BL4BG9J2O77TC50G,1005.0
6K66324LAN2FM2F5,2306.0
8SSCDTO2LDBHGP05,1175.0
31EIC3QTRQK7FI2I,201.0
AL8PK3KQIG6TA76T,3.0
SSDRG5LG7BSO6EGP,1246.0
1B5GDC3794PSFFOJ,1312.0
GR3MQ52DSRECQHC1,1177.0
TQQ6INR1DL68N4ET,1957.0
K31C5CDHRIRAOI25,738.0
ISN5DA2T9BM2DG81,774.0
PS8M8OTDAIK811AT,1289.0
O81ON6CK5AMGCI6C,1851.0
54T3T99M38DQCS0A,4.0
Q2A8SECECJEGI1NL,2023.0
15NA7607Q0P0B00H,71.0
44K59E4C3DMJ0RAN,2900.0
1HO0MGMMB9IB15DQ,399.0
F58F8FSN073TRTKT,1301.0
LHK08DPNSJC7A2QA,2585.0
625G6QGCPJJKLC6N,551.0
CDSO9I37RLHABTO0,1400.0
Q78GCP6249HOQ6HG,904.0
SOATPKC3HHRORTRE,487.0
6I9CNH9T9P1ID6JS,196.0
H6GOT8N5C65FRFP9,719.0
GSSD8LEAACRGAA8M,2248.0
CJSKQBBMQMOLP3T7,2694.0
HDDAM131NDCTEE02,2093.0
OEBOHK8SJ6Q8PNIQ,1614.0
A7NCBKJP2D2GGR2N,2763.0
B57JT0L0NIM7LIDP,15.0
LBKQ86303M6KT89J,174.0
PD7PNKQ7FCM7IR3G,1076.0
H4R9O6HFB62S7DE9,9.0
LO5FQD35NNF6GT2A,1089.0
NJI7F0BS2COB00LK,515.0
GEBN4DJI506QJLD0,787.0
IEB8ATICPODE18B3,2425.0
ED5T8DKHQDRSCKQ7,2518.0
5T4AKJHR1O8AL0GL,2591.0
OBPD40FI56KS29IB,211.0
R60OG7LQ14AJEJ8K,2032.0
TSB3QL9IEIJK85CP,424.0
8N3QOEBFBFBDPKO5,1027.0
T5Q43N5PP4NS9J82,668.0
QK9CPKIGAD5MCDTK,2035.0
Q9QMPAGLF7GKLP3A,234.0
12FL92J9NBN5EG7A,2191.0
OS96HS9MCJNP5HHO,311.0
OMTBAG3F14BL2EL4,1461.0
F1KQGHLN9GBHAF0P,3157.0
EPI5127EJTHNRP1J,675.0
BPM5MFP836AR35KE,539.0
S2H604JJG502EROB,734.0
8JDH6F6NF7056KRK,816.0
EJ283B3E917KCR5L,772.0
4AICN97BQ9B565QO,813.0
SOIN2T60N1AIFFIF,670.0
85CNHSEHCOSROR2H,133.0
GR976OK06CQHIDE4,640.0
8K86M8H1L9C47AF7,1049.0
QQ558Q101O04NCOO,2542.0
0QN0BQ4TNFLQ6EQ8,2421.0
3PDSF1621LLTBGO0,459.0
TN4BLNDNTGH1G8PO,2740.0
9SBT98K4N40SQ5AQ,1828.0
RPKMHCMI960887MF,350.0
0GJDLEF7B9K5BC3G,171.0
PNQLJFEMQONFAOFS,209.0
BOB4FLPIL0QPALJB,2311.0
AN485COR7LN6AD2L,1597.0
7M10I6O43RL6NOTF,376.0
IBMC420IB5MDEKOH,107.0
OHQ6QD7F7DBBTTB6,560.0
LG5D4IAQLB44J8QL,1584.0
D3F5303JINO3GOS7,78.0
6H0ARGB62C0PRCOG,5067.0
LGLOTKSCTEMB6P49,2201.0
P8OD4I7O48IIT075,1068.0
EPH63HDJOF4OEI7A,775.0
OSE54487LKK785N7,972.0
CM86GGDEM847POP0,1048.0
9A37DQL75EOJCAP9,1307.0
B9LG8M40F4MN9T2O,1651.0
REAMHFMQHPAKKG2H,876.0
3AL4OPR9E50I5N45,4949.0
EA97G6JB53JJ9ORP,338.0
303BLQEAIAK047RO,955.0
334D4CK076OP4N96,1624.0
4E3P3T2DIC15JO4F,6.0
CBNS13FEBPD22GEF,706.0
SSO6LHSCQEPF1LDE,1086.0
DR4C8AI9TA2SHGTA,181.0
8PBLA7COQOC1C3NK,1031.0
K2D5B8ODHJOBFBKJ,1857.0
6LRPH7NSL1E9T859,604.0
JSAAM10Q9BG68TSC,2252.0
EQ4CEIIS5EEA9KPK,1574.0
2ECN14ICLN4SFI87,464.0
R8LJ9BH6948LBSKT,451.0
M2DD5D1B45BF2Q34,2079.0
E4D6ATS14GMDSJEP,386.0
LQTCFF03F5B3GDAG,30.0
J5G68005M1SMA0M2,2670.0
8JARER47CCQOQCIS,272.0
LCRQFABOT6PBF3BF,2.0
4MHL820B2ORS4JEL,2201.0
KH89RFPTP6DQAAEM,59.0
SBCM35F4B45NB7CO,1714.0
K2HPN1OI1TNR62O8,336.0
KOK82KBJ5LK34BR5,1151.0
CTE9M3LO89QSCRIA,769.0
G510FGLA6BEL9PHM,3597.0
Q898FJACSPP4CEFS,1327.0
4HJD2O6LEGS1OSFF,558.0
9CRA2J6NJ7RNAMB9,116.0
E857DC0S7NLHMLOS,2083.0
D05DPQC3295794B0,775.0
DFFBMCE2QPBSACIF,1613.0
G2E566N7M58FL52C,2539.0
564CFJH0GHFK6DN0,2661.0
G3N4E9MOHOB882AN,1767.0
G7M8I7Q6P5A2G32F,1787.0
QA7PAMOIO9EIAE8J,867.0
6DMB9A1BO321CSHI,1676.0
N1SQJE4G8GDH7S61,1345.0
2F5TORIJE38FT0A9,476.0
EA8CTL9IPKNJK964,505.0
EQK4JLRGAFQFI888,234.0
FC0BOEI2GI2JMBGT,29.0
6JC963NATIPJLL82,1059.0
2A958ADDQFE33I9T,2389.0
N9OBEKGHOO54RIN1,1069.0
ID5KC0NHFKP3MM07,2240.0
FOJTREK09NJO2OON,52.0
QNM493M86HL94MFT,115.0
ROCG43OA921P4HOM,2965.0
90GS6A43NPOH6KBJ,374.0
0QRF0M1L9OMT7CNH,1962.0
94RNE0JEKFMQR9G2,3.0
QOJNDMTA98D50J4I,2674.0
ESSG99IS9NDRKC4L,1303.0
K3DGE19E3CGRN8AI,530.0
BISLO11SN6NT0DGG,254.0
D1MCMQOCI3A69KPC,1497.0
7A22R01AFMFF0HJP,1698.0
7036080SN589BLMD,555.0
ERT6RSDPQ14K6OQM,1119.0
1PIK0IE9JCBLJMSN,688.0
0OSKOGI7OL3D748K,718.0
PFJ4AP21MPQGM9DS,987.0
SPJRAFEG7DIJCQRP,2114.0
28GF1GR3MEODBJ07,2186.0
23N77S8PHTJJ7AJ8,122.0
BQMF75J17RPNQPHF,19.0
R05B78D5DSD1AQ5G,3449.0
4656G0ANM997I365,2111.0
SB76I03CP2S6NSBE,2368.0
EMD9SPH0K6DHP936,3528.0
KR79O270DBHNQTSQ,191.0
7COJE2B8ITLMPNOD,1841.0
G1C5LI69TDPLG6S0,4199.0
BRI58H4NOR6A8QCD,2115.0
T0H61HT3A06J51G7,2071.0
57H72382Q727QTCH,7.0
708BD5Q11LJD0S4T,972.0
AF6KICSCINQO6152,26.0
NMHQLB4T90LS73EG,97.0
308DCN2FJN8EDHCR,90.0
IC77SENGT2SFLJP3,1510.0
BD3KMP37J6BC9P9D,712.0
JATEJNE29J0L2H4S,1896.0
2E3KEPDRFPA17RET,363.0
0D3HB3GA10FD6H9G,1644.0
BLC1INF1KND9K94L,2045.0
13NK37DS2RROC1ES,469.0
06MJMO791GMB6Q41,2353.0
2FDCLFRK0HJS8QTB,294.0
R3QS4GDHTIF2OSE0,165.0
EO7Q12MM6KS8C8RA,464.0
C3GGPB9G0SG4TGBQ,1363.0
PNHR8RL0GLGH3LGN,241.0
I93IS0QTO39Q1RIC,1060.0
O9RDQBP5TD9FIRL1,2915.0
BSB8NTTK06TMHSAA,631.0
5GII903G1JGR434P,1760.0
M3ARGSFJ71018P24,1334.0
RGHNJKO5QAN4QLOQ,711.0
851PD431MGGLOLHD,3496.0
8863D882GS3JD7O0,744.0
AR7P6J1HK4GJKJ3L,441.0
D7357S88DDOJQBSG,983.0
5QQ4Q016R6NMC3BO,1561.0
DCP16E9I72187GHP,740.0
SP7Q88OSR85IN4NH,2954.0
J7ETFG14IE6A2BIR,972.0
6K2R5ND9MC59OE0D,1901.0
S1Q8EFO38RJP1RG8,2376.0
S76FS18BDGK1PC7S,2757.0
9H128MB9KAEDPPAG,4838.0
GKTHNITTJO60PM5R,866.0
5IQJCQP6252D5STP,134.0
RRNADFB23CEK3EL4,1328.0
6BM80OCROFCMQR24,1278.0
0N83TC3BREHK0LRO,1326.0
TNE0QIBP1G8N5HGD,578.0
G7JF9P3416DHNKFO,3835.0
7RF4FK1EF83FH1T6,1575.0
ET8D1C00A2LPTBKA,979.0
6HHKQIR5Q2Q3QQMF,517.0
87E8G855PRLO83M4,2832.0
7BTJK0PN6PCS86GQ,22.0
4EM05NO70GA7QP2F,904.0
1AK58H3MDM4GEHIA,2976.0
5E8H7OSF413LA2E0,797.0
LCDL87ISTJGGJ785,1365.0
IFTCKHQ74508BB6O,5136.0
7K3OQ59E54H1RRI3,6.0
E54INP46O1DM3E5J,119.0
H57GGH81JLBHFKRA,2283.0
J15A4LAF72HDAD0I,555.0
PDIM22RJNB61C8AI,2323.0
2CQ69D85ET18M586,118.0
I1NQ1APP579C77CL,58.0
D51OGQ93AQR80G9K,131.0
QM5H2FO0C9B96SO0,51.0
9QO3HG33KHAN8KNC,83.0
31AG29GK235N5B7T,560.0
0674FBE3GG9EF5A9,2041.0
JCHKH5K1BEJ83IO8,4216.0
0GS4DTJ545AJC5P2,327.0
JR2PR8DCAKF1044C,221.0
DHTCG80HMN9284O3,740.0
PDQ5N77RGIC1K3O2,1313.0
RI9P6KMBSRKQ1FIH,20.0
CKMI4JMS0B931N38,152.0
50BNLH33TP19IQBG,1813.0
8GJGFTAR5DF3FDGP,1850.0
9F1I6ADGSKQ8G79M,2703.0
IG9DIPQRDTOI9BPH,2193.0
PLE3PSKLG2IT3H3T,202.0
F85JRTPECOJ9396L,492.0
PS2CMKSI9FJ3FIP0,383.0
8EJJFI1FN4PS9AJL,136.0
02CBLI3E9KQGKNFR,1514.0
QKFSI9EEEEC3R00F,2074.0
I33K2RMCFNN7JEC2,462.0
SRN1333JA3AN1QQK,993.0
O8RFDDAON90MD79F,849.0
1RGGOEENCGEQSTL2,587.0
537I074DQ8ETSDEC,141.0
0401QB9BCDIOMBNG,329.0
R26BLRROGAI70178,988.0
MFG29QSJMM33R35K,3590.0
BORTHAD40P7PBKSB,285.0
6G35SRIAK2JE6OTN,259.0
1B5GPBGGF67RD4G6,2376.0
SD4SACCDQ6SAGAR7,57.0
HN3HHA4D42LTM79S,1154.0
K4QTIM9ML8E0G7F0,3391.0
LE0DSR7ID5MDMOSD,313.0
71QC0AMEKTPC21CS,1705.0
00406GAJ0LMI2NDM,993.0
56KMCBG9A8H5983J,273.0
P9EP9HNC4I57F1T9,6.0
DJDSPT1CI4DB1ANL,4138.0
ELS3TNJF7B537R5I,3365.0
B2THN4LICNB3GJS3,324.0
LD10SMNLM7EG1SB2,1685.0
O3R590QD3P6I5DTG,3129.0
6RINDLM586PH9T7H,132.0
2KAQFL31CQ962GH9,1733.0
62FMKHA7OBO6RHPC,1639.0
E8C7O1928STAH5RB,1022.0
RJ0Q9F0IPHMRBAJC,799.0
8DDSSE236BRGSFIP,501.0
860FO15HB79HD9IS,3650.0
QPI6I1QH60QP38I7,5400.0
7E7KQ4KECP63EPRB,247.0
PPR1T1LBA5307N3O,809.0
FIFG42OQGKGN8J6O,1460.0
291CF1039A4I1I85,2.0
LFQK759M55NQTT5I,1965.0
M8M0I6FKDCEBREI1,346.0
1N4P1O8DJGO3NGKH,2018.0
MQMECHE5JF4SP4SO,132.0
DKI8O4GHBPDI80CF,2267.0
GIDADFO3DAOALGJR,1159.0
JC9SSASKNEFB67MF,2060.0
0MENNI0KRGI47O37,3106.0
AD8M1LIEBAGHCRHG,317.0
6NJQ6PD66CFDJE7D,840.0
ME7E68MCPFOFGPTB,2297.0
Q1DGC3270TOM9117,1152.0
1PHMSN777IEAR1OR,256.0
CF73T8R0ROQME6OS,720.0
68533K85GOBDMH58,361.0
997T33J096M06MI8,1453.0
F4QR63EFNDO76K9C,1390.0
7M0LQ3M166973QIJ,152.0
TES0BDCRL8FJCQIK,1098.0
TI6JD20PMLMBAC3E,1072.0
3TI8EPG3O0C87SPP,88.0
IJ9B2F8D9L8705P1,3376.0
MSKNN3H01EQ6J5H0,33.0
R84N4L7B47BM88H3,738.0
26S8TG9LAHC1HJNS,1394.0
TNO94EOBAF7S3LRL,793.0
JPLFHKL89QDBDN34,982.0
7J4LGGA94R4D9M04,724.0
QSLQEI8BAIQIQFBS,1222.0
HLC3PGDMAQ2N6I1L,675.0
HF4TJHSAPCIALM4C,932.0
M5BETLKP4HAOMENA,706.0
MRJQQKSFS0DL6O9T,318.0
9I2OO51T4F8TCN8H,1765.0
1GO04QOJ7B2CQEL7,561.0
RMBH795LOHLHL9H8,131.0
728TT7O7L0KRBJK5,1267.0
38RP2RH76HQ8DTK1,713.0
OJKCM3ECJB7G0M2E,891.0
LRD1DCK7L0TRQIQG,1614.0
RGHR7OGHT2ACCKE6,1708.0
319HTTN1QJDN7IRC,1253.0
K4AGL6MOETROTJS8,1481.0
S3060F6DN40SA1LB,1469.0
H4R8GESGSMIFNMDF,979.0
PAJ3OM3LC2OMPGR1,728.0
8H6BCBHF3J1PB6Q4,1547.0
S6D4JALQL63MC456,3345.0
J7Q5P4ICBRCP9ICO,103.0
99JECISO7D5CIKT3,351.0
RA6S94D149S3IOTC,545.0
JNRLSOFJ48DKGI5G,35.0
LDGTQ1HIIQPTRL7Q,1739.0
N5AAFR29HI2285GA,3966.0
LS5LK590J2H2PELE,1705.0
6RD0BM1RHLKGCJ2P,195.0
7SP464J06MQ6N7AH,1960.0
RJIBLL8MS7C7LIPD,257.0
731M4BRQE6QLO522,2021.0
L8P22L11CIS8639J,2320.0
1C1OBO4TFAC8HP6D,1604.0
RJPH047BKQ42FR3C,1896.0
8OLHCKMGA2S157QP,1180.0
LLKA93S2S53C3320,326.0
FLRPT3JB82H8DL3G,1282.0
E7B7CHI462T7LPLM,154.0
6JBE24TK6RCO8GLS,550.0
P12ADTD01NCMK8OH,687.0
2S9758BIAEH288H8,2854.0
E9RBK51RN8OHSD6C,167.0
9G6HBDQAHEELQ09E,937.0
7C0DKL09BM799P32,1154.0
N4KEFINB16DKHBN1,6.0
PS9CIGE4TTMKKQGE,134.0
RG8S262RQDSI8NHM,758.0
FS5TE18BF64EPNHB,973.0
G61KDF1CODEP61K2,338.0
0CTI742QMMANCKP3,702.0
25MR2QTC3QO7QO93,36.0
8EOQQ2EQLPJAQ7MG,1899.0
K0OI4ICOBQDLIF7S,887.0
4A7JFSR1P3EHA825,5398.0
D4QB1HLO7QSBDCLL,1429.0
C9LQ2RT1JCF9TCMA,3026.0
RFEBJ59BQ324MM6H,382.0
F2B7498GED22HDNI,979.0
75LLBQGHK5T95O9L,1249.0
PQP5QOP7I16RCR1N,127.0
CFHR54N9SP3057ET,293.0
MDDBB6HOOOHJ729B,1381.0
B6IEH49F2FGF0QRH,1062.0
2GF6L6SETAQG1S8I,1893.0
6NR00EJ46696QL8H,2912.0
F8JEKC425JDBKG1R,418.0
R15DA7RH69C5S6J5,1335.0
BSGE274FHA35DJR1,2366.0
L87L1H0KP0P2M000,370.0
MEL1G84L5CKAEK82,858.0
J32IN9TMDO4I1GHQ,513.0
77J5JTF56QONRFJF,603.0
A1D8AMP306OPH2ND,1456.0
GADEML56TQ0NR1OJ,2097.0
Q6KT3FDB0QK9LL1G,2939.0
OPPH7LJFTSIPERHD,589.0
GJ109F51IQ0T71PC,701.0
8EJFH1AAS5T8C17R,2609.0
23LE9PALBIPAA76D,742.0
NSODNEDBIBFBBEA8,556.0
OPP959346JCIBFGM,2213.0
E3OBN43JIQ62B5C4,527.0
Q3RKSLNMHP1OHG6P,293.0
CHD5CD7L0BQSA02E,1993.0
06FCS7PCDKMM33PA,224.0
LRPBD8KGS1CN7IRG,344.0
9TDHSF62ER3MJ724,2518.0
Q24F8LJ0M94KRKF2,4044.0
7QIC8OIMF3T2GL12,489.0
HDB8MAB335LEEKOI,847.0
NPN0RNGOTFLKE3J7,2956.0
BFTL94LQ76B9ARJF,3607.0
0H3OGP26SCRC9T10,357.0
DSTC6IC7CBS4QLT7,271.0
2O8PS6N9QA6L3FI7,1304.0
3O93QOMQD2H4DK0C,1795.0
P558ESLBFSNLOPBL,100.0
5KMNKS9TP65DN453,2379.0
1SR6AQ77E4AH7LF5,1029.0
P2FD3CCC1RCB2SCM,185.0
EH1E75HEEFB0TB7K,1441.0
94QFKKNSSDT3760N,188.0
F8ID6OM7PPG7SQD5,3285.0
HGTQF39AM919KK1N,480.0
T53DR5OADGM6F9H3,1060.0
C8IKS1INMP5FDJHR,52.0
Q1BGTRE7IFDBSPE2,1721.0
9S0I86CMOJG13S6H,405.0
HNI26KG69LFBCQ5T,1004.0
2AS3FMHJ0I6Q3QOF,1272.0
C8GPGCL66ORLBSD9,1348.0
F8ELHMKQ1JGKT2FL,583.0
DP8MTGH88N1HL1GC,2969.0
845BRPLM0FQCC0PQ,1846.0
A2A83H9EC0EMNFDE,1465.0
NJ9FLPACGMDKCT1T,3866.0
P4P76NB9CD74B08E,597.0
50CSS64TGQ5L8AED,9.0
1JPBHKG8663SI9I6,3175.0
043ML37RA2AICSR4,522.0
F8ICPN2E6AGQGEDG,2873.0
5S3JIGI8KOIJ8681,386.0
H8M8MKC4G25BF5TA,870.0
20IGCMQR8RLN2DEF,10.0
TREME0T184CRGSAD,874.0
HGT5FT9GN8PIO33O,1542.0
R3TPRN2BSH26SPJ8,1633.0
7OO1IB2SBH2RT24N,7.0
GMIGSTLELNMAJA5A,3482.0
7OR79HPBMLIFDP63,1767.0
DNPA634GRHRSO6FN,468.0
5EGHQ3DS092N3LK6,597.0
9TKA61RE995HR1NE,15.0
H40BBKOBC50TML44,1740.0
29FA682798OBBHPR,303.0
0515PKQO9O9QLA0P,18.0
FL3LJ8JKK15NJFI5,182.0
8NPREPLE59DBFGO9,2120.0
KI26OOBRBMJISEOG,175.0
EQMH4JF2RMNS04TS,1017.0
SO11JSMQKSE0AJ77,3049.0
1IKQ25P3Q83KA42S,2894.0
GGMMB8JNK74I9H0D,1421.0
C1OLJ5MI12DD6CRN,63.0
LQ3ML3B1HSGRSDQ7,522.0
QQ2PL1JGR40I8PS7,1568.0
OCOGEA3QMG2DBKKF,1035.0
616IF8DDT23G9LS1,349.0
FA99R8H6IFOQ01F5,660.0
SSH6KGKK1TOQIA2T,472.0
3H68P6RARN5O45D9,1078.0
KA6RIOB33P76JCM0,520.0
6HNLFOQI5MPF69RJ,179.0
5LO6PMAC2J7SI126,37.0
D23TLLLRM828ENKE,162.0
EDQTC5E8DT9NF15A,1413.0
A0KHALK2O746TJ34,1817.0
H9Q20144H13EFT3M,1226.0
KG5PE755Q0C18TNG,382.0
P8MO8SEP75PLILRS,792.0
QI3FKC28TT2NPHRE,940.0
48QOLSETOQE496IB,1325.0
J5MLMK72P46R9919,2068.0
4S6R588J2SF98LI3,1082.0
4FAKIPS99HQHEC85,353.0
TJDG1ENQ4QTTJP4M,762.0
QGP9OA5SAMSM9HT1,201.0
RE83EC6A2S97LL1D,540.0
9K6GL91J22KJK6D8,327.0
H3S2LGBRP5N14KBN,2160.0
HNTNB538C3KON1IN,623.0
B0FMEOO0BNL2EE2N,1389.0
4HP8JFNSIBQBDK70,121.0
7NTJGJT768HGBA0E,111.0
AE5BRORC2B1K9PA4,2407.0
I6ADQG7QMEA1MI2B,1843.0
JMBD8QC3ROLDMA9D,555.0
8FGTD099789512FO,2867.0
FQ43LH7817GO0EIG,207.0
1GEC2H1HI5IDJLDB,1815.0
DE4S968ALTKBO177,15.0
TH2RHKNLF9LEQB4L,3140.0
QQAIHTC6CCP6T7N0,547.0
ILT3O030FSSN560F,53.0
6C8R7DI658F4F6T9,4327.0
CMHBFDOC82JROOLI,1030.0
8PA0CTFTQKI6A16R,1375.0
GP9KRADHDA7N92DS,2018.0
14J3IS6RJO0JRCBA,3654.0
0IK9CJ3LO147FPIO,218.0
DD3C369SE2HE69CS,1092.0
OTKP369FGNP3OHKK,2367.0
D4EMAB0I3DM6D1LR,639.0
PLBB0TA0TK39RBFQ,1011.0
E1T05K4QFA0BNTP1,224.0
LBB0CERATOTKTL9M,1573.0
6KAEFP542CF3HRIN,88.0
95RCGPN5HOB6S227,656.0
7TLPBLBHBH9DH27D,3632.0
1TA9HMP97F16H314,284.0
LANE0LDLCF9E7PB6,285.0
16L94KIP08RHMA4Q,182.0
GT7DOR091S8A3ATC,138.0
4181SII3G9R55GP7,341.0
ON2DBD71J2RSSLKP,838.0
8EFIP676AS7MHLH2,1267.0
QC6BEFKI8GN4OOLB,3528.0
KG1DK5G2E50DGDNL,430.0
1TQ90R4D2S73262B,666.0
DPGG5EO25TOERSCP,2166.0
1CH55SSEJ128QC67,451.0
J727THT54LJBPR6K,1979.0
1E594BRO3EDNCPN3,665.0
81I8RJ7MMBOA5K52,1227.0
D08H88QCG6CG783J,3919.0
K1O4RB61H48BO8H7,1706.0
HIOEQRD021NOTM60,890.0
JT8CCIS3T6S34TN4,336.0
S769BH70R9744COH,99.0
3PL1I3NPOGTSJSK2,1496.0
BI1IFB02BDMRCKAN,182.0
9SJBRGAK9SMKMGS6,781.0
DQTHIICBDKJKOA2R,237.0
8607AR9M903Q1T63,438.0
MC7FMS5ALQ6N14CS,1968.0
BJENBPMQNHMO1RB7,378.0
G788PP8MBEJTOJE8,1990.0
K4J576H9FSRQ4RGD,855.0
ICDECHA43B5RAOC7,1858.0
9R7LQBOBSFB7EADI,614.0
8OF9599ID0I624PN,2020.0
0DPK8O100960D973,597.0
FLHMPKHNQIIG6MS2,1473.0
3L4NG4LT8N2GPIHI,706.0
RCFJDAMGDCK51K56,2188.0
03I1GDQTJ9EOKGG8,772.0
NAFQA4BTEDITPDHJ,268.0
1F99OHIH3G3J0TJP,2828.0
NRI2FG8O1Q8C8RFL,3331.0
PNJ83ROKN7298KE0,567.0
NH10IMSO9PAH6EJL,1358.0
1ASKNGRCAKF0K2PB,359.0
20H45TBMJTJD48CT,817.0
046NI3IOH90L5SOA,2009.0
CLBDNSN1HM1GAT96,2211.0
569QJ8HQLP5I20SD,1747.0
JOK7KKI3BNA60MCC,200.0
P4BEFMPRP2FSKRLE,1095.0
R1KO7GN4KM4LQLGE,3225.0
26AFCP0MA598P3TQ,309.0
1KDPN9IPJJOO44DJ,400.0
C3CSR6062HQ5GJOE,2432.0
40P9S2BAP03DI0R5,2455.0
5NHOSK3JJ4J70J5E,582.0
BFNBMGJ4PO6S2N7B,1771.0
321KJB1040E2KO6P,220.0
520LAL9IQMFFC5OD,2444.0
IE6OC6GJBMN6HNKF,1157.0
6FPPBT8PBS1HMACR,2530.0
QEMJH5JSN3462GQQ,87.0
4QI7977P7F30LQO9,1231.0
HM0NQR2185TNJD5J,1883.0
11B6HCHMQL21KTCD,109.0
IRIDQEKNAH0RMNAH,679.0
NKT64JF3DJ0B9BC3,36.0
QG0OONCSGDJDQI52,845.0
G04RMD08PC3JFJ1Q,377.0
MQAB9KMCBKGIO2DH,633.0
4O45MHL3DCF7C8BI,3727.0
PH2ORRA1T53A3JA5,1935.0
6828M9CMP63EOO18,1627.0
8KHBNFT6K5NIMGTO,3207.0
7I3QCE5LMTMS0CR6,1255.0
KEB657GQ3J0ESOHE,1077.0
R04CADKICJSDMRQG,592.0
J9B5DB45FDTCBL03,413.0
KF826PIP0R9PTQ18,65.0
48OODSJ43HE4B32D,351.0
F9K7LI874I5APSP7,1391.0
139FJPF0LEH2IAKT,1365.0
22AMFC8H4O9DTGI3,422.0
RPPQO842CO6R8567,579.0
87BDBG7A0L5ECHN1,96.0
LDSIIE2I684L4HCI,1887.0
8KFRDF90KT0GNE47,17.0
D52ARKLA7C4F4129,527.0
PCK5GBCTHR7PDKDO,1945.0
RHN6SI1TD7HITPPS,1695.0
IFTME3445E11E0S5,1852.0
RA1D32R946PMCR82,841.0
KTFO66JSHD4743IB,427.0
FQ577HILHCFETC9H,3998.0
92NTGSQ620I0G43M,4913.0
NTOQ2I9ICL8HSINC,3566.0
TA0S5DT743JNOR7O,188.0
O89NCJKCFD3SOOQ0,82.0
7PECID5377KRNFH7,290.0
8N7IGEEJNDJADO87,318.0
5SG3PET4LT2FMAML,2164.0
R0OOTFIEPSECO06G,2460.0
LMFRB85GK31G0IJK,1938.0
2JJHSS8P4OE30ICM,362.0
EGBJJJEPO49RFIO2,443.0
I1A5LDSHG5R435CC,100.0
3INOILG7L20K7CP4,3608.0
K8J0235SP5P4NOBD,114.0
QK8D0T5ACFT56DJ3,588.0
3F6BN19ROFDMCBL2,929.0
2B4KMCC52I2586B3,2067.0
06MS5958QP12C4BI,1497.0
D31O9E4QKBK65GHC,1105.0
HEP81K7MPBA5SF4M,4371.0
8JNM212DHQ73N38E,3857.0
APRAEQNNPIAK2G0B,1769.0
QMQ3HKAM3ILCMSEL,592.0
2RG0BPA2KPED7FBM,309.0
12RT5Q3HB9TRG88D,155.0
PQKPNBO9SIQSO8NJ,1115.0
1H19T1DOPLNM4TKM,1788.0
1QTGEE63JI8PKPJI,2529.0
4EHGQRG6742T1BO2,58.0
AL2PH2JRHI9CQER0,3590.0
IBLNRK3TELQKHFL4,166.0
5J6T9C1FQLE2K7FH,1557.0
SLHAMSSOELIB28MM,1463.0
3DRS0EF9SDI9TLT2,15.0
F90JKDRCM6A7EJKH,46.0
6ABNJPBGOO22BH8R,1291.0
EDRNI75LIGIJRF77,43.0
KDEF5G4ACBBM9TAK,1196.0
O18D1T7DBLQH1MC1,462.0
MI1SCABOR8I70PRP,274.0
NF6I96PEQLMCATFA,939.0
SG55EMCACMNH4NIB,577.0
4HCQI653MF5CGKOL,1235.0
0524P5KA15AF11TS,1901.0
NM9BK44CEHDJBAFH,860.0
AN3SMF3JGMMON491,2948.0
NO0DT52980O3ITKS,996.0
3GSR025RP709CMNM,26.0
L2M4B7I5ESK4RD8N,2897.0
GQ0CBJ5BJSSS6TSR,1965.0
39TSS99MFM57DEAR,4164.0
QGTP8M37DF6MDAT8,37.0
1F7N75I7JT8T72ON,1451.0
MFK1585CC73E2A4P,1610.0
37KPISEK6JL0A8EA,1107.0
GLJ11IDDOOORELF5,2599.0
F0C962EIP13Q0537,2765.0
8D0E94D8M73S4JPJ,133.0
6O99F6N5BP8EQKQ0,461.0
QGFSKPNM3M5ACOFK,2434.0
9QLSLTA1AOPRSD7K,3187.0
NM2BNK33PBAOPAF7,2760.0
BA3KI113NBDTR4C9,3105.0
6T89LPH5CAIII9B6,1854.0
FSS9TECR62O1G320,2.0
KOKJCH5MKCGF4E4R,2957.0
9012R3AAEJ4A8MM2,606.0
25B3ALLFMH185CRH,675.0
A6BDNSJRMJEFSHIJ,226.0
FQ89GPHLJI6P8AST,1207.0
NN19BKEJPEOK4CON,704.0
0P9O0151KA4DOSSA,942.0
4OC4DS18CAICOA34,2694.0
JO5Q7GDS14DDCQR9,3430.0
GACEQDLHFONKFNEK,412.0
Q9ENBJEH5KMPE6OC,1715.0
16CKEPGJ3SHF1LOL,0.0
O58P42G2S418F4J4,744.0
APJT6MJGM6QNR1MP,4498.0
J7B59G4A6IR93BOH,225.0
2O6TAREOCK78PB0T,958.0
MOJODQCOAO8RLHE0,1056.0
LGG2IHHLSM7L4SD2,1153.0
S4G8745LI9F2QCKQ,1386.0
DBH0P8NIE0KNI5BA,2092.0
S948Q11ON21N6FM3,58.0
QS3ANHS7934RAIE4,3547.0
1LPASFQ5NO6L08S4,35.0
RNT8ANM3GA3AFQJK,265.0
0CSK31CDTJI0K5DS,225.0
K74QTHQN13J02HNA,1602.0
GA9LOI27T4ROE5PM,939.0
6TA6I8S5K6EEKQP8,1148.0
D4IQS5N2OOIPS7NP,1828.0
LLIPC8002099HT2L,2075.0
RH7I5KBSTPL41QLD,1648.0
HNPIL8D6NJP6G68J,1335.0
BC7N17701P2NHTGE,1125.0
4LK3I55R5C08IP1R,2257.0
EOLNTQA9F1HEM40O,859.0
KNQ3NM19KDQMDHGO,311.0
CGG0NECC0POGJJ0H,2473.0
BAMHP13MD6FO1O5R,1259.0
5C0QTAQP86NOEPG9,845.0
NR4PJLQETTHI78DG,1429.0
C7P6NT9BG3HM44KM,2972.0
JR9MM66LII41OTHS,398.0
1JHPMQL6C91N1B07,2703.0
90TQ3KDJ9HS3A3R5,155.0
IK3EEN8JMR8AF0LT,837.0
6K4919KPMCFLJPH4,221.0
G56TB3SQN96I45EA,1855.0
HC7MKRJK5CAMISE4,2786.0
MF5CJKCFCGCT6POS,73.0
4FIFQFQOA71KRL21,448.0
P96CKBT9H664OG8T,1365.0
DTSBAP5SCBCA038P,3474.0
O2TE315PO1QDRS05,170.0
A8OE2GOE60OS200B,839.0
NAFLLRCIRP3RJICH,1735.0
SPSFLPG4LJIC81BP,639.0
QGDIAPD49TTGN00D,1814.0
RKLGNI0RFRC5640F,155.0
JP0O5J4EF3MGD8G0,2020.0
NT567CB04N8AQ68I,2600.0
7GDFA7L393RB7T42,256.0
8IGRD74IPA30B2AJ,428.0
S1NRD1H2H1KL6P1R,1869.0
557J60M2DA1BF1H0,1448.0
7KSFJMTNR83CTMD7,294.0
8CBECQO50124PLGG,320.0
MSORS7AT4PPNRELM,4735.0
P9MRQ3AI2N9TM8CE,2612.0
GISKKTMJOR0S5ARB,5.0
0GG2J3IC6LSK2CTL,1256.0
I5FR4FQ41P2FA207,2787.0
2K93MBCMNP20TRJT,1500.0
79TQIMD2G6M8C5IH,852.0
Q7Q64FK8P0QDTE12,5387.0
F49HB922IC6D7I1D,479.0
SS8PK01IK1N0N1B9,146.0
FG409M801PSIH09Q,87.0
S40KKOMM01GP0H7N,193.0
LQCOER3NKKP45P2S,435.0
7HIP38R4ERHKRQIN,945.0
CKD2GSATNCFLBCCP,456.0
FHP28HDFPRRI7GO8,34.0
IBIHDHJBK4233PCN,1019.0
AISBBQH5C1FQ1C1P,629.0
LFD90L14MTLSS8TJ,874.0
R17QJH41HHG10KI1,3087.0
QKQD78HQDJSTSDKH,2603.0
SOG17A3S8Q63TJM2,38.0
A793QFAOO3T1FSHB,685.0
IRH5F7EL76SCK842,140.0
3DM8HHJOGST486C9,424.0
FNAP62GJHP615JRL,354.0
B9ANAJN597M4TCR3,2422.0
RAEPHR7EF7L344BR,2250.0
EHOR76MN9OL5N6RR,2189.0
NTNT17T509B397KA,1906.0
4FSDFOCGME717QNJ,1962.0
OT8REF17GICISBH2,823.0
PTQBOIK7J18F4S8R,4173.0
OS5QAGFMMF4PP9RN,3104.0
MA6MQR3P8A37QO80,559.0
6B3DBABFP05G7IBG,675.0
G69FTO3NT2TGCNC5,865.0
TL0QF4D49H6H7PQC,574.0
5GPEP7GDG906210F,15.0
TE6BPDF9C0M93DQ4,353.0
R0Q00D28R163C4NM,2749.0
GRHOTGCHTTQE7RR6,1929.0
9HMM20L72GRA004G,2492.0
H215AL22ARA78EK8,1190.0
FND34EDKS25ASPKS,2566.0
K8035OGEGKQ3OMT0,1965.0
9D95NL89ATS7AQ5O,557.0
ED73B06L03F2NADK,266.0
TN7H6KJH162M8D6N,285.0
61HH9065C2I15E72,901.0
KM17LS5F4K7AQ9ES,1105.0
JP4OTINFOBLRMBGE,997.0
PC02HHFALA0ALJRP,1303.0
DHIAQ6H43L496RQN,403.0
LOMNT4EBHHOPFRNH,1520.0
A07BIIGTQ243E5P0,450.0
4R47CPD87H8JA4ER,2829.0
CIKHGO3BN2LOO1T2,38.0
TT2RDP9R05N6LNN7,57.0
Q6NJNCR63P33KKAJ,39.0
SQ2N288JIQ4G78J8,112.0
MKGC4IEO6ATCF51J,967.0
OGKO0HF2FHB5Q6MD,53.0
70PCD531J1D4JR49,679.0
CTCPG6NIO6RI8RGS,2360.0
GBLLAOO0SR0KGAS0,1156.0
P4AL4GQA4LRC8MNS,282.0
OAR8715QSM375I1C,838.0
CDR3KL1PEP90EAJK,3686.0
FCLA2L8094PM2GJD,1032.0
0TRG4F5BND1A7537,54.0
L6EC3DSF17CDDKAT,1186.0
CBQ7IN3RKNSKPCSC,1771.0
2ADMT0S0M77H4B8Q,466.0
PK14IKGROJ3MI54H,161.0
1TLCOQ9C21Q8LHCG,2615.0
2L4S18FKFTL3ORHD,489.0
ABIOLRL5L7FIBI3I,1967.0
DO32A57MORERL7LM,31.0
1MM1LDG43EDDB2SH,1098.0
4N2HD4KA5NRGKATE,1667.0
G29CJPEKIQ1PBJTR,383.0
QT4OBLFNH5F3O91H,529.0
294R4SDO9L4D9B09,811.0
EST0G3L0FI2BK962,2173.0
QHP043E8NRD495RC,4001.0
P8L3L3N2I98I59HB,356.0
KB5GR6FTMO6HAAG6,2431.0
DHPF29CH6P6HGHO0,299.0
PRMGKKSFLL6AAQ7O,2738.0
BCMTR1MNEF4TD7IL,2178.0
C3HTE610SNT0MA0T,1072.0
IH752QGRHSA941ET,689.0
2BMLITFHBA2LSTSM,4179.0
JNP3S3N1RBRF5S4G,782.0
OLPPQ1CIRIRP3O6B,4754.0
LFB3DP9E7PAR9TL6,1054.0
BG67FAE792SFE131,2175.0
S1P14QCJIHOMF30Q,1673.0
H3L09Q7IAIGAHOE5,3134.0
N8HN7GJHIAHD4CGB,1216.0
AERMHERAF7HOCDH4,1013.0
72CRTEOISQJIMACS,4012.0
1IFP2ARFOQPNJ20R,236.0
TJB53I3G6KJQJ1JO,6085.0
L7F5BL0TLKAJ5610,2248.0
HMHR9SBKF4BTLLTT,442.0
DAM9CJKTH02M8HCC,1448.0
E20EK21FNFR6PLIN,1641.0
RCJP1Q51318INOC8,1845.0
EDIQT4T85EQDNDEI,603.0
TRIGNQ0KKH7H87EB,741.0
L9PMSH0DHL60SQRK,1883.0
4R2R9D8IPT1JNO85,1959.0
HL691PLCTL3TSN1N,4343.0
BE32QB394TDB1H6O,0.0
LOLEFGJ5F5T6FT1H,341.0
MOG68IE9QQIQCPKR,1161.0
95FQCR86583H4AEE,1819.0
QOIO1268OC52AEO4,1875.0
KK658MHSF5N61SBM,124.0
K1KT59D214FF5D5F,959.0
PGEJF3P1G6MQBTJR,575.0
L9E2T9L1H7C5F4FD,187.0
PM48LSG6GAAN5S36,4852.0
7AN54S3LSBAQQJA9,314.0
D2LQHF5N20E12CFT,144.0
7SLIKJFI7H61LQL8,258.0
IRQPMP0QJALG0C60,3255.0
INJL6EJHK7C5EI8P,3472.0
FAP6PRFRT13KO752,1137.0
B21PL2T799RBGI8N,500.0
3BC0181HNKMGRJ55,1023.0
5J9PO6S754OJLFNK,33.0
J5HQTP4SC1E5816D,300.0
MM7CH4Q6LJ7BANMP,32.0
1B01M373TNKR9ENI,2663.0
QAR3N2624JREABGM,46.0
JMJ6LRJ49NOPM0EM,1445.0
M10A3AKF0HCR3QQ5,2768.0
DH8E7GDL59T6RP3P,432.0
57NS82F60FD2ABQR,2381.0
89MDKTA9L70RJ0J0,1877.0
L77K122N0CI5D2MP,1041.0
2HSJIMPC3BAL12S9,2693.0
Q988OJHDS3T57OKO,955.0
R5Q7HA2G0FOG60LS,441.0
B7LTC6T5HJ14T3JR,1104.0
ENMCROSPMGK3GES5,2386.0
8F9HTDLR3AKTJTKB,4171.0
BOHC64ISG9EQDRH4,2078.0
EEQC2GT1SHTQS0GG,287.0
AO72KMHG9F9236AT,2196.0
PRPJS7GA132OMTDG,4221.0
DFHG76OK2B7FTRMB,4220.0
HN87H4F19NDD2EQ5,1656.0
9A2QHB807IPHLDFA,3026.0
G03036KSGCT44JPA,156.0
69LDQGN70RF4TT97,2672.0
CLIGMFF5JOCCMTHK,1802.0
O6DTNLA9CK86KDED,3.0
L0TND3IHHJ152MI7,462.0
RPISSTBGR5OQ0727,202.0
Q18E7CT5EOIQ58LE,2598.0
EH91RLKD6KHI0E6Q,1966.0
HOMS2HRSMPNC9AOT,1161.0
3G66BA81M0K9P5H8,1472.0
TS6KKRN5D5E1RT1K,2563.0
R6BA481K0F5FOB5S,945.0
3ATDOAIB388H82I8,1356.0
QA6I09LQ26JLJ7IS,520.0
5I4QD538ODHNDSAK,2692.0
9QT6NGT3ELRBQSJI,534.0
2HC00T4H9EH47771,204.0
MEMQEMB6175T7JNS,1918.0
HMJ4SF67LCEF1BBF,650.0
ANAFC0HL8HLBPFPO,1372.0
CEKJDS170GGTH2GD,457.0
2AJT61LO2OEQ9OD7,2523.0
QH0NDR4593S3MFK0,61.0
CK38JP697HBSQQ3N,1969.0
OHIRHHQ4GTHJGENO,1080.0
07DGD0F6AP42534C,245.0
30KSNEC0LMNCG1N8,2173.0
QL75S601J9DIT015,1468.0
F7J2OI83ACKJ08PL,2341.0
INLCSSEI6HIP5GE7,1258.0
H50R8RR802IABFJM,20.0
SR6CAO8PNMTACF3K,1671.0
1S3J53DDJKHJ9NMN,217.0
ES748ODM4THO8E1K,717.0
LMPCBIP0198SC6N9,95.0
53LNT2CPOAI44B00,1017.0
TGRQ4MANGJJ20E7F,278.0
P0C4LG6JNCDHDSJH,3434.0
HT86K57HCDTO5T1H,638.0
41D8OPDRIQH8MKS8,1122.0
02M7P2H1CE54QESH,1399.0
2N418OGKRIO9P2A0,1717.0
2A7HO8FKB376IDFK,838.0
IAJBIFR506MNRMLM,979.0
S7TRQFJ9LRR9E57S,143.0
KICT6NTQ5MM6AIJF,846.0
IOP7CLDP7QO1796N,1395.0
TPHQR9AH4J35SE1B,732.0
E591LRBKSLLKDP3F,3987.0
LBNDL6894CSDH4S8,1033.0
CG981MAG32ETHCLT,1616.0
A769FQMMTTENC0F7,2088.0
AFKDFSLFPHNGSCII,568.0
3H6IHFOE4I35A72F,1455.0
N7IO7PODL8G6KFBK,2753.0
49N7T36ANB8MKN83,2012.0
HJQSFDTA11HDFRSH,350.0
N1KB9OAT9R31PQ30,1532.0
3B7CLGSJSOBN0B5C,1854.0
J7HE15HAKNAADT6L,2633.0
GIKHHAO2949HBE02,1492.0
0JGM8CL8EQ9MBIEI,1501.0
14FBQTE3285OM7TR,1394.0
O408Q9OA1S6Q3HP5,2070.0
AGPHSTLQLOHS5E7N,1195.0
L1NTGB907S2SQ06J,15.0
LSTC2MKMH8D0HDBP,2352.0
SAI3Q837TIRC2C30,32.0
11OK3ME2JGH1DLAT,923.0
T16NQKLQN169R6T0,367.0
QK2J3C86OFF1C68C,1019.0
NDG8AQGLFPE0FLH9,1619.0
54H7ANAJ3RFC4EGP,139.0
N7SK5F434NFHPTIS,1053.0
PK0A4O4PMIHSBPSB,1897.0
IM05IRO8926EEF90,906.0
G63BKM3EHTH3Q64D,1050.0
GBGLQIFMD2SJMOR4,872.0
H566L30IF30MQQSI,39.0
93R9M3T827F37KF7,77.0
1CFITI03RKOE8S56,652.0
5SJFH33T1EKL659E,1809.0
IQQEOST8FPLSI47D,1694.0
P2AOP9T0ML2OG880,463.0
78PF4AL2RLFO44F4,741.0
CAN27GCNB569L2Q4,349.0
S37813KT1R99S9RT,608.0
B7OHBJLBOKRH0PHT,496.0
2HL5F7HQR177PSB7,724.0
F6KKTC9I70048E7M,38.0
5KH1TDQT7D7HNM9J,941.0
GGKBOOA484NB8T12,200.0
5717MRMJC7R418Q8,201.0
RSE7K5O8DFCETI37,535.0
QJOCRNKP4JJ5P2AD,122.0
TLBF4FESRQS79NMS,635.0
F6KAOB09SK3PQSEL,1991.0
EA62HSFETOSGH1SM,257.0
4COL7CLAOSJELG6F,1506.0
IOAIAHHIGR6F0IBT,1104.0
JPQ06GARBKPSKOIN,1617.0
5K8E2KDJJI16OKDC,214.0
0NM5RRSB12ODQDR2,333.0
J3QA1N72PA9HQ2QC,367.0
F85EE88FKTIDC7AK,117.0
FOTERB7C6RQ35NFM,1147.0
CBNQMNCCA6LNBF5Q,339.0
52N5T34PK5RQ317L,1188.0
JE04BA73EAP1HBJF,213.0
8S3E258KMJ79RN75,994.0
AKICJLT207J79P3R,1383.0
7L8C2T9328DG6C30,349.0
RESPHBE5601S9Q80,2563.0
H9HHO2QGO02R1QIE,93.0
A1TB53PQQI4S9F47,1984.0
Q6SPB9R1PQB4FBEG,3838.0
7T7M5EQ78TS9TGKM,143.0
D3R3KQ7MDI0K3582,2889.0
PJD6M4RTR9EE85BI,335.0
9P86QSE3G1LR0QQ7,2879.0
5PODSD8JO2GQOBLG,1972.0
D23KJ009BHNJR11J,666.0
9AMRCTEJSIK5AHKS,2068.0
Q7RHJL9A0BEAT0S2,187.0
BLFCGONR41HN8J8H,663.0
ANLKDE8Q05RPBF5J,541.0
ESBQ5GL3HLHR0FEI,486.0
P56E8N3NGS2QTPMA,2298.0
CSSHTQAC0AP6RQ32,1799.0
28N1S7EHM1QT1P2H,694.0
6JN2HAECTGRO1I9S,1592.0
T1CH85RSBB57CN4G,1811.0
RC4J5OA47KDN5CD9,3438.0
B20Q1N49RL78PT9K,2599.0
C2M1LJC3M64398AR,852.0
F6OTAA66Q8NCKC68,1641.0
Q9DQQTQBCO3H844R,4038.0
73M0MBJ0RCLJSMJ8,197.0
C04J6LRDGM0NP2E1,1827.0
CG4S04KEK140L92Q,945.0
2P2NCFJ9OLP8FPGL,131.0
S1LEBREN9HFTRF6B,1133.0
3HMGF3LLC9E56DKL,1193.0
D6F270JROSO3JS77,424.0
N7GBEJNTID0N8HI2,1859.0
BF64MJD7DPLLM3TH,2137.0
G733PR23NFP1G3J2,1387.0
7IC6KPDQEF7BPQF1,1619.0
MSHQOSNS3LHKNL5J,1757.0
P2D5349FF0DOH2KA,2233.0
DQO9A11QDQPFKK73,529.0
0OJIF4K90RJRJSBI,3169.0
QPHKO78MKGIT535E,462.0
K602RK1SA76Q2D2O,1796.0
L3408H83THB6D0M9,1273.0
NGJBDDGMQIQ8AHOS,857.0
T5ABBPDKROTHMNLM,697.0
LLMBHDK2P94K8NJ3,499.0
EIK1JTA444N58A99,2488.0
ILNMP9JGHQ38K9KT,296.0
I9OD67CR1G3H6LRF,1871.0
RHOMNPLBHDORE0L5,1173.0
9G3IE388NJDF6QHF,1055.0
HODS36BSBBNLMDH3,1022.0
NTQL2F3TTRO9MLMB,1217.0
35M2CM344HRHQ9L6,2262.0
4421746G92389PSQ,399.0
5EPB0KKHQO9ELCDP,235.0
3B446TLT1NBNCD1J,763.0
42IP603LPK4CT1TP,42.0
MKIB6KMNROLOK64T,1253.0
SAN4LTRO6400ABL3,54.0
PIANGC231IRRB6L3,888.0
SOA4QCIEIES40KMI,4105.0
044DLMPL2LLEA4P8,509.0
M174CSQN41AS4N08,1928.0
47DL99PFOHD6D66E,1278.0
FHR16QI528LS6FG4,1062.0
GRDNRIPQC94HHNE7,1655.0
6O7CGLMSOTH999LJ,767.0
O82N0N592CA5EJTC,907.0
BQET062S8PG9R6A8,170.0
SK66N7R531O27F9F,294.0
AIDJ1BA4AP15IIJJ,2498.0
ES07EKFR7PTH8DHS,1700.0
HF75185OL6DPH4R0,1395.0
452K43NJ01ESNKG3,156.0
N8DHM0SBG094QCMB,1449.0
1CDCK80TD4OT87TM,1219.0
334ORIGGRSDLFA6B,653.0
1GS6HE27Q5DTFMPI,2418.0
GK7F03SHKIN7J00D,397.0
1GD3SGEPJLHQIP4I,3738.0
IDIESJT9PO4J9BJS,595.0
SOG1R83JCFD68RQ7,1418.0
FKSEFEEGA43EC9SI,48.0
41O8KBPK4E0J0S2M,1445.0
SD9T2CM3P1M1CAG9,2918.0
6ME0R2LO1MBG3GTP,1591.0
E86N92RCHKLPQP1L,388.0
NB0MSIJ5AFTDKCMP,186.0
6NM74N523P3IS4AJ,2194.0
6EPELOK4PLM78T78,1473.0
O5GQI8P6KRGRH817,435.0
3C7ONG65JITLHDBN,2087.0
P6G87D0C6OQF5C08,178.0
0JSMN1029EH3AQ75,176.0
78NKCJNC2QML0BD0,2752.0
FSQJQB8GO07L2HQ7,3633.0
357AN35FBEEOBS48,537.0
OG70EM4IG3FG4CFG,1077.0
42660N4JSREIIIES,23.0
ID3DA7GD915SI0AB,1223.0
EH73I14S8KCHCMAD,798.0
B9LBFLAT3KNGKJ8S,1501.0
LOP9LMA7ACISMMK0,1342.0
6MRRPTCGLC7K35M1,695.0
JFSDQTQK6GTIHEPF,1281.0
3M0ACQF5LO7A4JB7,2491.0
G1BMAENH4P89EJLO,1748.0
I76PQQ8E8CBDE628,791.0
8JSHDEO225E7EO1D,679.0
56EJQTJPE7TKTTRE,1091.0
NBGR7QK42RIFOAN2,632.0
TN8NAH7GREP7IC4I,57.0
HBTSETSLF5KRD86M,1058.0
DGOAIKOD4QKC6JGR,44.0
SRLTGPMID6EQN0IF,1736.0
LBEP8E9T9C91T7J4,803.0
8RATT8LHQ0FLIPO8,947.0
PHLB353PONS1RHE1,2566.0
HBBGRO027QC9BBDC,2274.0
8RT7DP5SERSAF3SI,1276.0
IPK05SCIHT4MCNC1,3435.0
K43920RCBP6ENI2Q,3015.0
4DT9QE7QJT2FDKPN,1951.0
KJFEOLG31HF31BOI,2455.0
TS6P02CCMD13PQE4,264.0
DBMSITE1EMC2E6SD,3674.0
S9HG10SF2PGGSBPC,680.0
32GL8KC4P594HMAB,3162.0
E00TMNRJ1SA6GMT9,1117.0
9FOFT1FHB9TFBH69,756.0
7643JKCCTBMLHMJG,549.0
HM4393017H9HGO4S,34.0
JLK0L4TEC9O6RIK1,36.0
AT45FRTMHIO8GH9M,393.0
24Q9PA91SJT8RG88,5573.0
E24Q6405IG9P4BLA,168.0
3A5QT6KIKE4E30B8,423.0
L68EP0SSTHKTE0HR,200.0
JJL19G187DS7RD6S,325.0
ANS86GB1SD69PHQR,3013.0
54IPNK2B44ND6DR1,1209.0
K029CFK7BFRL64O5,2082.0
4ESQQ1QPL8BEIB2M,1249.0
NBSEGTT2G8TJ7A18,987.0
2JF5NDFB26L08S2J,4401.0
78E3S9T42TTO0BAJ,1134.0
JNCG2JMRJ91B5LB6,2413.0
5IQ58JNHE63TSI1Q,1331.0
N6C9LE541ALEQFP0,1169.0
AKA3K6LK7EQ3PH32,1985.0
OB719DD51N2E19S3,423.0
A93K8LL60OA39HEG,1929.0
T7C0IK5QAJF9SG57,221.0
G0E5CJC2DF1GR9H1,537.0
PJQR41Q3NDRD0409,1121.0
GFD496FRH2BP83KO,2386.0
6CQAD9N46AKICCQF,537.0
91PRL734KCEBI9DF,49.0
LJE8A6MM7E11SA6F,1472.0
QFM4IG62BT51QQN5,514.0
2DKC4RBB90BELAKE,246.0
GECKENKRAKFJAAEL,2361.0
RL6JPNJ9G8PFH79C,1160.0
DI1OT0M6KI1NGH60,451.0
SDJ9M00TSOHSTOGB,664.0
SQBO5R8NQLPF12HQ,724.0
56QG64PAAPA3BGT2,438.0
S0M6DHHD6181R1E2,220.0
POHR2L1BGO70ML0M,374.0
K4IRBPSR4P00KIRD,2143.0
1O8G82J5D4A6E1G0,1429.0
P0ODMEIKISFQDFFQ,1322.0
5J1DEM0KMGH2J49B,2696.0
1RFHTI19CAN2QP4N,301.0
04CSCO3E8N9BS5MN,3788.0
MRR87D8C0O483INB,3333.0
T3B2B5TSCFQA0T35,3876.0
E9CFPEGRBG3KA5GP,736.0
1TGFD4M66MM42G30,1603.0
TKG3JOQ1K89RT9OL,1245.0
TJ57HREATIL6BILF,581.0
21C79TO07LL2AFOR,506.0
4M44GOJ14H1369G9,3261.0
R6R1FLB2ACHCGF83,967.0
8DLLHHO0MDN0GM1T,145.0
KDGJ5PJK4C6R50T0,978.0
I4956IIC72TJBEE1,2755.0
ITCRG46LSJQ86M94,1032.0
GO9T16K0P7D62NPC,69.0
GES56OQ5B3NQCQQO,15.0
THTJ9GPCT15MKG0S,374.0
NCTDS1G4CDFABLNS,3259.0
OGD809DG9NOPTHSN,1358.0
927GE9AAMOK63H2C,65.0
HDSE5K32I9LJ0OIO,300.0
R233LOAF80GG4LPC,1881.0
8S04AMSMI0BASLT1,3.0
1FCQPELL1NM3G5KT,2240.0
ADDSLL4F0Q3JS0KA,996.0
88H4PDGGRLSS10QL,1494.0
72DJBPI174BF10AD,62.0
FB1JDSR1NE91SBCC,2975.0
5QK3CJAPLS7DP2GB,2406.0
TLD7IIAR53D1CJDL,656.0
4FFOCODCLS5NB6K9,1066.0
QBGF79FNBH009O7L,1.0
BT9I3H2HK217D5DH,532.0
0D2004PD45QCSLJM,175.0
PONCAGJKD454Q4PK,1170.0
GQCER2QKMAIBRMSL,1599.0
L1421NM3QT87G9BS,636.0
TNR8EH9KR3A3AK4G,1227.0
K8J2DADFR3FD0MSL,2275.0
44542FM86KL2QI5M,115.0
G2M8PB96KQ6RO49M,2836.0
JMN0ERH11FLH0LKD,25.0
25FN7QM24L7E5RAG,241.0
5HKDMOFDNIOFNCIL,777.0
SALLCPFNK0CEBF7F,1978.0
3FID6BGQS9A3EAR5,1190.0
43MHFT57ATLN97HD,273.0
5BT3IQH7TEKN6LOC,156.0
SFMKF667ARHF924R,2231.0
4J67HDDOGSC5TJHG,2003.0
K7BEJMO9Q0BF1NN7,3703.0
TS0B8J0LR2IT0ODE,2864.0
91QBDLMBMQABIHTA,1509.0
NN5M70JGAF83QJJ9,281.0
7CMF3BBGLER1RPAS,1570.0
PK9165SR5LTRPOGO,1308.0
S8NC43D4QT9DCHPR,1846.0
NPTEO6634MRNKSOG,203.0
CMA37GFQBMN3F5C8,1483.0
16BKPBO0IL12O7MM,959.0
M31543N7IJH986JQ,624.0
S6TIJ436LAGCNNBO,474.0
KKIDQMDIC24SC39I,255.0
M4EB66BM7KQ2JGNP,26.0
629MO73IG9EOEG0N,2053.0
CA9ADSCH0RAB97LC,464.0
L44PSHN03OE3L5HH,586.0
8OB798749TI7NQSI,4255.0
0J9M88PG9NAP3TSE,77.0
CPJ5OFO0GNJG46NB,499.0
FINKGGMSM2A3PF7Q,1514.0
K64T1OJ9BELRF192,2474.0
56QF376J4LC5OBJR,1751.0
E0N7IS8A4NASEE2G,327.0
4ACTKQRD6TGPQQPR,435.0
FP2261M9E0IT9FOS,975.0
ROGJAGRR52NKGCNO,777.0
5Q0KH1JGO3MR0PSR,2924.0
67KEQ80MQNHHAC1M,1826.0
TE30FC5BNTG206FT,1052.0
MT1M5MTPEE2HFDOT,2252.0
S19IHGECPG4G6N64,1320.0
7ACBDKIJID9M8183,801.0
6865GA03TMI4TNMF,150.0
DK8P58Q2OTM61ADT,106.0
QAPHS5HLE8M41I26,2930.0
HPAI746BANODB2JG,1586.0
AAABF0KOHQB6QEFP,229.0
3RRH1EREBMTFQE7M,296.0
C68AK9TMALFRK52F,1046.0
N14HP9Q0QA72EDFN,708.0
2PNFT3HARC271P8L,912.0
GBH2C1KE2G083GPF,2277.0
4KLQSCKK8LCCGH6K,71.0
M8E69D3N88RO0903,3137.0
MN11RCHBQP6KTS1Q,4292.0
98GHCGSG0FG55C1J,878.0
9F0LS0JEDCF2SEHL,4549.0
KQGO53489JJ2MP0T,752.0
3S7GLEBKLOTKBP4C,686.0
BG6KJACRCGBF6SI6,1279.0
E0A8JSHNR6A6JGI1,1780.0
OGIPIEHJD8JOFGOL,551.0
5PHC4QQQJD7382NM,921.0
IHODG4RHODGGII48,1026.0
OQQ2Q9O48K6P2RTR,3847.0
EA2ISHTITS8A89CD,632.0
JFL9J92604L0J377,2521.0
O3FME88K1O650EN0,280.0
FRSMI3951D74QKH5,127.0
49T1R4DB48QG37SI,1178.0
MB0862SKTSFPB285,821.0
306OIQDL6EA6LQ52,1423.0
21P3F3SGHMIC28FB,4.0
HKDLG048IGCIMB71,2818.0
F9AN6FEAHGL2R6GO,1389.0
10E47FPHH4CPI86Q,671.0
O8OG8B794R4E1NBD,287.0
C6M6C0P6BDFQ0T85,1183.0
GM9A40O247RQN7R4,1114.0
4HTH6I14KOH2P74H,1438.0
KM3OCJPSE287K3A2,2283.0
6I0HISHJ0PP4LASK,636.0
EGBDD2MFON66JN56,758.0
6B6DHJB1MRKN4D4T,823.0
IMAE3CTG2HI2O6OC,1400.0
0AG1N2508CPAQI71,829.0
LL0M8IOM65GT20BL,1643.0
GFASAM20D0F2K2K0,1705.0
9GA42BKG29ERAGP6,29.0
ER85NSIDGN6KGN5F,1425.0
LKPL2NFS1N584I9P,259.0
TGJIP4P86SC4OP7T,513.0
MEGI3F31MM89CQ5B,74.0
K6LG1OR00EFIIAGO,1761.0
S2RFJ5AGC0TBSH8M,3083.0
TRGE8C2OBO2P29JS,2084.0
FP2HN4M52E28TK67,427.0
S08DSSDM3IJLN45T,156.0
TJKFIK32PI1N8A54,62.0
HF61GN1EL40Q2EAQ,2131.0
86PLI913H79CGG9K,13.0
7AIKLGEE1Q69QIJM,663.0
8SCLFE68S2OQ4AG5,1868.0
T22JIP6KGH7SEAEL,1653.0
RFR5BFTG4I6357TC,469.0
B1N4Q1SGKNICB27G,431.0
D6RLR0SRLLTRGL2T,1947.0
1OB168PO675ADQPE,374.0
JD6FE6GRMP3C7KEF,881.0
C0PIM1LRLGRHSNH0,2543.0
SHIIAFA3638AJM9Q,962.0
DMC9J6DH27A3PQC4,2031.0
N118TSLKBLA6PFGB,640.0
5AOENMI51RPOJF9O,443.0
AISCH5EHE6J8AMHR,2482.0
56CG8RPPNI46ER93,886.0
NFIOAQTN3QPGRIKT,551.0
8SFGHSN6BIIHIIQA,629.0
DAAJQ0J09A0Q26RL,569.0
589IAITSP7GRP42Q,566.0
S8M65K5TKMPQ4JEM,4852.0
E7379OS06JOS950C,2473.0
3EHPK6OQGB87CS50,2226.0
5F7BNAGM5SQD01NS,1375.0
IBISHPD0JI7E7N28,1748.0
7O9E9L3D9J9KT3S3,1030.0
2E6263Q9FTORKTQ9,3231.0
A505HBRKQD2HBSJT,2541.0
CNFESISD0HFFJQDF,2748.0
REBQ9JL6GHRTG9RQ,64.0
Q9MM45ALS0SB68HH,107.0
KKC3186C56C1PGIO,889.0
4FM2GCCGB5ITBE36,2813.0
36H3CKAK857LB6B8,2076.0
4G2PR3H037MQ8OFC,1825.0
8B4B58GGBMOP9EF4,694.0
HTRM36024J88R9FE,1317.0
H56B570LHKDECPC9,1119.0
HQ587RFBELDIN3QM,2443.0
TLRN5SD8B64A2FAH,40.0
DELCJE0LBCENLJS9,950.0
2GBORIICL929JGQA,793.0
JT2D70KSBS25QTNF,1664.0
TTCDPCGRNL0RT9CS,921.0
RJME2ONN2CGEOMAP,562.0
6SDISQQGEI91LIFA,319.0
8BOPPMSIQP6TJKDK,247.0
MTT0IGA26QH72E4R,705.0
CEEL73N6COOH5CO3,1307.0
E4JB6OCPFQEQDCGD,426.0
3B6L10862KR5D74B,2221.0
KN5MLTGLJ746IMER,4025.0
R37FLKF494FM785Q,679.0
41N4FHQC3AS0BJE4,639.0
SIDCMB5LJCC0AIMK,2069.0
8H5F2MSFGJ90A55G,1615.0
4KFJ1BGK0NCADTOG,2504.0
IF58L4PMDE85BIBN,5005.0
FRAEH21NIPJH4MKS,791.0
IOCD993LSRKOQG6H,1638.0
0BGC5NHOJL7JO964,2495.0
JRMI9I0KHCIL9NRI,773.0
BISGF8M524NH53NP,5954.0
HNELNS2S66LD69H3,574.0
2QL2BORN5H23GHFK,2105.0
DBN0R67BKEEQ5E3M,796.0
OOTGTH74C3T6SHG3,990.0
NM83HS5N3F4NBC1O,2329.0
79RDFPS8LG9748GC,286.0
1FN4AHT6CO7K9RBC,220.0
FEMIMH3DI78OLHIO,7.0
NAFF0IT4KTMQD647,631.0
8TGNBD08QBAO67CM,546.0
HJ6LTQKD6MMHC8ME,985.0
245K9QL8CEJKGL63,3.0
4PEHKALTDK59SDH1,2962.0
LT6LO2Q6OSIA3TA6,2081.0
8CQLPH9JN19OEAKO,181.0
DND9TNB7HHS7RSQL,2148.0
9P279B1R9GRMISCP,425.0
7H2FDPA0EMLNOEF3,402.0
39OS2FOC2ETQ975K,950.0
H59J1E6NICGHT74F,993.0
L31QFQQKSGN89N18,717.0
SPOKR45P0GJ24H2A,1010.0
5PEQPH2ARCJJEA2P,887.0
1PDQDOSRGC9MHF3J,166.0
5LLNR5II99IMCFFH,3858.0
CSPP43TQ8F85MTMH,1541.0
H940NLGKLFDA968L,1357.0
05E96P4QBQCCH8CT,36.0
JN02N0SFR06TATQO,168.0
ODCNE3KF3A78Q2J2,879.0
K7ML33N9623FLOF5,1988.0
H1ASTFL2JD9T1MH3,1594.0
5BTM175OGMMA6SCL,2173.0
FC980JM73IGNFN33,1011.0
ED5OE2KLO909LLRQ,1941.0
D468H7MSPELRB1HR,1560.0
60S8RP4JCHNT0I24,1017.0
BTH743CODJC41K3F,3808.0
LAPSHGO35NS5DTSF,274.0
82HM0GO1C3M80G1N,882.0
2DA6FNKC24JEOH40,446.0
9TB8PTQF1CH7FCMB,5029.0
4JKA2347BSF9SMCF,204.0
B323DLTC403S8RHO,564.0
BEMT9A16KBPJASK8,953.0
9SR48OPPJFPN0ALT,1833.0
MACPRLEK2ENEMEII,197.0
4KAB7A75HA5C87GE,655.0
9ELAA8PO437Q6HKG,4416.0
F351B26MTTCEAAPR,3475.0
7LOT67M6QKQJHKLE,4097.0
KMT9709911MH24HQ,804.0
8HKGA745KSS3AD56,5096.0
G9T4NMA6AQH219KN,136.0
E6M75EPRB0D1S54F,168.0
IRNL1959CHOC7LH8,95.0
S3P7RIHJRTRS0DSM,877.0
PHP8BPOBLEASMKFP,2194.0
CBT95ITPGR8KG60R,2701.0
KLFLB9JD2HJFMCKQ,42.0
TDAFCEF1Q81F457P,468.0
6A19IGLEN1AE5T0S,1935.0
S91QKQN5C7C21MJN,15.0
2J7B0S5IR85Q7Q6D,2396.0
9GG9QEE6SIBQFTCK,450.0
CDGE7TJHH90J0L6S,1464.0
JK8K699QCQJRAP26,33.0
6SKKJ43NQTEDDL72,22.0
8GJCT3OBMRNH4M9L,2396.0
PDHAD83QMPK76BRI,555.0
SJMB6O7HTJ3QM7FM,2904.0
G2BQHQ0D3LN5OQN2,656.0
D7BFRJNS3HR5GQG8,723.0
KJ314KJN8TGOM7BN,351.0
099F982SMAC688B9,827.0
L4HLDR66E6610RH8,3186.0
PTB5NOGRFR1SEO5N,3485.0
LHNNHJ688M9DRNA2,100.0
6EPRK9N60J9JING7,2284.0
JJ5STOP39LEIFH0K,1157.0
DDMD00DDSIE20GGM,1616.0
RJC8QNNC86G0IPD4,1447.0
7SD7S81PCH8TT8O8,2015.0
CRIBH4ODAQ5F7TL5,2155.0
C4GAI1ONF5N0THR5,4055.0
QT19NIF31GI6GH2O,2390.0
K54FMKN855MR3J8Q,1232.0
H4QQHDFPE7QP0B76,1176.0
BRFRG477P9S6MMQ2,3323.0
0HRQG5NRLP0KDHNK,954.0
7SDJE48EFRPPNEJK,759.0
PRT8RDNG6E86518P,3103.0
SRNIBIK27BQ2M3PB,889.0
6CP232J9R8N84702,516.0
AROR24MH3M79EHBS,481.0
